csim_r,csim_i
1,-1
0,6
-8,4
7,1
1,-3
-3,-6
4,-2
-2,-5
-6,-4
-2,7
4,-4
-6,-1
5,1
-6,0
-3,2
-3,-4
-1,1
1,0
5,8
4,0
-3,-1
5,-1
2,-3
-5,5
-7,0
-5,3
-5,8
-4,8
3,-5
3,0
0,-2
-2,-1
-1,-5
-3,-2
-5,-3
0,3
0,-6
-1,2
6,-2
-5,8
-2,-1
2,-2
2,-3
4,-2
3,4
2,-1
0,2
3,5
-5,-2
-1,1
3,-2
0,3
-2,2
11,0
3,3
0,-1
3,6
4,-4
-7,2
-2,7
1,2
-4,6
0,-1
-7,-3
4,3
1,6
6,-1
4,1
-4,-6
1,5
-5,-1
5,1
-1,6
1,0
-1,4
-2,-5
3,0
-1,4
-3,0
9,-5
6,0
0,-5
2,0
5,-2
-6,-1
-5,0
-1,-8
3,3
-3,4
-1,6
3,0
4,8
6,3
4,-6
-4,2
-3,0
3,-5
5,-2
2,-3
0,-2
4,5
2,-4
4,0
-7,-4
-6,4
-5,6
2,-2
-3,4
-5,1
0,-5
-1,-2
1,-6
-5,2
-5,1
-6,-1
2,8
-2,-1
4,3
1,2
1,2
0,5
5,1
-1,0
-6,-7
-4,-1
5,-3
0,-3
-4,1
5,4
3,-3
3,7
3,7
3,-7
7,4
-4,4
-3,0
3,3
5,1
0,1
1,0
-2,-4
4,3
-1,0
4,7
1,-4
1,2
5,2
0,-1
6,-6
-1,2
-6,0
-1,-1
0,7
-1,-3
1,2
-4,-1
4,-1
7,0
-3,-1
2,2
1,-6
8,-5
0,2
4,-2
2,-3
4,-4
3,-6
2,4
6,2
1,0
-2,9
4,-1
-3,-9
1,-1
3,5
3,0
-6,1
4,-3
-1,3
-4,-1
0,1
-1,3
2,2
0,-10
1,0
-1,-8
6,1
7,-5
-1,-4
2,6
9,-3
-5,-3
5,-7
-3,5
-2,0
-6,1
2,-4
-3,-1
-12,7
-1,1
2,5
1,4
3,-1
4,-5
-2,0
-4,2
-4,-1
4,2
-3,-4
8,-1
-2,1
0,0
-3,0
-3,1
-3,-4
1,-2
5,2
-3,7
-3,1
-6,3
1,-3
3,-2
-1,6
-2,6
9,-1
-2,-3
-1,5
-8,2
1,-1
-4,3
-4,3
-6,2
1,0
3,-2
3,-3
1,-2
-1,-5
-5,0
-6,-3
-6,-2
5,-9
0,-5
1,3
-4,0
-1,7
-1,4
-4,-1
2,6
-1,-10
-5,-1
2,-2
3,3
-3,0
-4,-2
4,-1
-3,-2
-1,-2
-10,-2
-4,1
2,-3
3,8
10,7
-1,0
11,6
-6,-7
1,1
0,-2
8,0
4,5
-5,-8
0,1
-2,2
0,0
-1,-4
7,-2
1,2
1,2
-1,3
6,5
3,0
4,5
2,5
-12,-7
-5,0
2,-2
-4,-6
2,1
-4,-4
-5,-1
-2,3
5,-2
2,2
-4,-4
5,-2
-2,-2
-3,2
0,-4
-1,0
-6,-7
-2,-6
-1,-4
3,-4
-6,2
0,5
3,1
8,-3
-3,1
4,2
2,-2
-1,2
-6,-3
0,-3
0,2
-1,0
4,-1
2,3
2,-5
0,-2
-4,-1
0,-5
-3,-1
4,-6
0,7
2,-2
0,1
-2,3
-2,-3
0,-1
1,0
5,0
-1,-7
-2,-3
4,6
1,0
7,-4
1,4
4,1
-7,2
-4,1
-3,-4
-5,-3
-2,0
2,-1
6,-2
-7,3
1,-1
2,9
0,3
1,-2
-4,2
2,-2
0,0
1,2
2,0
5,-4
3,-2
4,8
4,4
-3,4
-2,2
10,-6
2,0
7,4
-2,-7
1,4
-3,-5
-4,-1
-1,-3
-5,-7
8,2
0,5
-4,4
-4,3
-1,2
-3,3
-3,-2
-2,-4
-1,-6
0,-1
1,3
-7,-5
2,2
-3,-4
-3,0
-6,-2
5,4
-4,-2
0,7
-4,-3
-2,3
-1,-1
-5,4
-1,-7
4,1
-2,-2
-5,-2
6,-2
-2,0
1,2
-2,0
-1,-1
-1,-6
-2,7
-1,2
-4,2
3,7
-2,4
1,-4
0,3
-1,-4
7,1
4,-2
4,4
6,0
6,-6
3,1
5,7
-4,1
-2,-5
-3,-6
1,1
3,4
0,-2
5,-4
4,0
1,3
4,1
-2,2
6,7
-3,-6
5,-9
-7,3
-3,-2
-4,4
-2,-3
0,3
3,-3
-4,-1
-6,3
0,2
1,-6
7,4
-4,0
6,4
0,-3
-8,-1
-8,-2
3,2
3,-2
4,-1
4,-4
1,-1
-4,-3
-4,1
-9,-7
-5,4
1,-1
1,3
3,-6
5,-1
7,1
-1,-5
-2,-1
0,1
-3,-14
0,4
2,-6
-1,-1
4,5
-5,-7
-5,4
-5,-1
-2,5
4,-4
4,0
6,2
-2,-2
-1,4
-3,0
10,-6
-5,3
-9,-2
-4,-1
-3,4
9,3
1,-4
-1,-4
4,1
2,1
-3,-7
-2,7
-2,-2
-1,-2
3,3
-2,9
0,-1
4,-8
-2,1
3,-2
4,-5
2,-2
3,1
-7,2
-1,4
-6,0
-2,-1
-4,-4
0,6
0,-2
-3,-1
5,-1
0,1
-1,-1
0,-4
-1,5
9,-7
3,4
4,6
6,0
8,2
5,2
2,-1
0,-1
1,-6
-5,1
3,1
7,2
6,1
-2,0
2,7
2,-1
-3,1
-6,-2
-7,0
-5,0
-4,4
-1,-4
-5,-1
-2,-1
-3,-1
1,-1
1,2
-4,-4
-12,1
3,-8
2,-3
-11,7
6,3
7,2
-5,2
-1,0
3,4
-2,-5
2,-3
-4,-9
0,-6
-6,7
-3,-3
-1,1
0,0
0,-6
5,-3
-4,5
2,2
8,-1
2,-2
-6,2
1,0
-4,-2
6,-2
-3,-2
-6,-6
7,-2
1,-2
-2,2
2,-1
6,0
0,-6
-8,0
-4,1
-8,-4
1,-2
1,2
5,1
-6,1
5,1
4,-2
5,0
-3,-3
0,6
-2,-5
-7,8
-7,1
1,2
1,-1
5,6
-2,-6
4,8
3,-7
-2,2
5,-9
0,5
-2,5
3,1
1,-4
3,6
-2,0
3,1
-1,1
-1,-1
1,-5
1,4
3,0
-2,-7
2,-3
-6,-1
-3,1
2,-5
7,1
2,-8
-6,1
-2,-1
-1,1
3,6
4,-7
4,7
10,-2
4,-4
2,-1
5,-3
-3,-2
0,-5
-3,9
0,-2
0,-1
-3,0
-2,0
2,3
-6,1
1,-1
0,-8
1,1
-1,0
2,7
-5,2
-2,7
-1,5
-1,2
3,9
3,2
1,2
-4,1
-3,-1
-7,-2
0,-1
2,-5
-4,0
-1,-1
1,3
-7,-3
-11,-2
2,-6
2,4
4,5
-2,-5
3,4
-7,-1
-6,-2
8,-4
2,-3
-1,3
-7,-2
-2,-1
-5,5
-2,3
-6,-2
-4,1
-5,2
0,3
-4,-3
-2,-3
-1,-3
-6,0
4,2
-4,2
1,-5
7,2
-6,6
2,-7
-1,4
-3,-2
-2,1
-4,-7
-5,-5
5,0
2,-6
7,-4
3,1
3,-4
3,-5
-4,-8
1,-4
1,-1
-4,3
-3,-2
1,-7
8,2
4,-7
3,1
-2,-2
-1,3
3,-1
1,1
6,3
-6,-8
-1,1
2,4
-6,-4
3,4
-6,1
2,-2
1,-4
0,5
2,-5
0,-9
9,1
0,-1
-4,-2
1,4
2,-2
-1,5
-6,11
4,0
-1,0
1,-6
-8,1
6,-2
10,4
0,2
0,9
3,-3
2,-3
-1,1
4,2
-4,-5
-3,0
-4,4
1,-11
7,-7
0,1
2,2
-2,1
5,-7
-1,7
-2,4
0,-4
1,3
3,9
-6,4
0,2
0,-7
1,2
2,-6
0,-2
2,6
6,2
2,1
-3,-1
1,-1
-2,-2
-1,4
-1,-4
-6,-4
-5,2
-2,5
1,1
-5,2
-4,3
4,-1
-3,-4
-2,-2
2,-1
-1,1
-2,2
2,-4
3,-3
2,-1
1,-5
7,-2
-4,5
-2,1
-1,-1
3,5
7,5
5,1
-5,6
4,8
-2,-2
11,0
-5,1
-4,-7
-5,-5
2,4
4,-2
-2,-6
6,-10
5,9
-3,4
-7,4
5,3
-6,-4
1,2
-1,-5
5,11
1,-2
-3,6
7,2
1,0
0,-5
4,4
2,2
4,-2
-2,2
1,0
-1,-2
-3,-4
-5,3
5,0
-8,-3
-4,-1
-8,-5
5,0
2,-4
2,5
-4,9
-2,0
-8,9
1,-5
-4,1
0,-1
1,3
2,-3
-3,-2
0,-2
-2,-3
4,-1
3,8
-3,0
1,-2
3,-4
-5,4
-4,-4
2,2
-3,3
-1,1
2,-2
9,-1
2,1
1,4
2,-4
2,-4
9,-8
12,9
2,4
1,-6
3,-3
4,1
-3,-2
0,-7
2,0
1,0
-5,-2
0,9
10,-7
0,-4
-1,-5
-1,0
3,3
2,-10
-3,3
7,-1
1,-4
-2,-2
3,0
3,-1
-1,5
2,1
0,-6
-6,1
3,-2
-1,-1
-4,5
3,-4
1,4
2,4
0,4
-9,1
-5,4
-7,3
0,-1
3,0
7,2
0,0
-3,1
-5,-6
-1,1
-1,1
3,1
-5,-3
-3,-1
1,0
-1,5
9,5
-3,5
-3,-3
-4,-1
-3,-1
9,2
3,-7
1,2
3,3
5,-3
1,-8
-2,-4
0,0
-5,-2
1,2
2,3
-2,1
-6,-7
-3,2
-1,1
-3,-1
-1,1
9,-4
3,1
3,-5
-2,-3
-2,2
5,-1
0,5
6,2
-2,4
0,-1
-2,-1
-4,3
3,-2
-3,4
0,1
6,-2
1,6
-4,7
1,-3
3,-5
6,7
-2,-1
2,0
6,0
1,-1
2,-1
0,-6
-3,5
-4,7
-4,-1
4,-5
-7,2
-3,2
4,3
-5,1
1,1
-1,-2
6,2
4,0
1,7
1,3
-4,1
5,0
7,9
-5,2
-2,0
4,2
1,1
7,-3
1,2
-3,1
-6,-2
-6,-3
8,-2
-4,5
1,-6
1,-3
0,2
-8,-2
-3,-3
2,4
-3,4
-5,1
7,-2
-5,-4
5,4
0,-1
1,-3
2,2
-9,-1
-6,3
4,6
-3,-1
6,2
-5,-3
-1,-5
-4,1
3,0
0,1
-5,3
1,-2
8,-8
3,5
-2,-6
-4,-4
2,-2
-2,-4
-1,-4
-1,-3
1,-3
-1,-2
-3,-2
2,2
0,-4
-1,6
0,2
7,1
1,-7
-5,7
4,4
-4,-6
2,4
-1,4
0,-1
-6,-1
-4,2
-2,-2
-5,5
3,-3
7,4
4,4
3,5
-7,-6
6,9
-4,2
-2,-3
-1,-7
1,-4
0,-4
-1,-2
0,2
3,-4
1,2
2,7
6,1
0,-3
-2,1
-2,1
-4,3
-2,2
3,1
5,-1
4,6
9,-1
-6,-2
-2,4
0,0
5,-4
-2,0
3,-5
-5,6
-2,-6
0,-3
-6,1
0,5
4,-1
-1,3
-2,0
-1,-5
2,8
-2,-12
1,0
-1,0
10,2
-1,1
0,-4
5,7
-2,-3
2,-1
2,2
0,-1
5,-2
6,-4
-4,-3
-3,-2
0,-2
4,0
-1,-1
-5,2
-7,-6
7,3
3,-10
-6,-1
2,-9
5,3
-2,-2
-6,7
3,0
7,-2
3,7
4,1
-1,3
-2,-4
-6,-3
4,-2
-1,7
4,1
0,-1
2,-2
4,5
0,-5
-1,-2
1,3
-3,0
5,0
0,4
-2,0
-7,-1
-3,4
2,-7
0,2
1,4
4,0
0,-2
2,5
5,2
0,-1
4,1
-2,1
1,1
-7,3
4,1
8,5
8,-4
-1,-3
3,-6
-4,0
3,-3
1,-5
0,12
-7,-1
-1,3
4,-4
2,-3
-5,1
-4,4
6,6
3,0
-9,-1
4,-3
5,3
4,5
-6,-6
0,0
2,-2
2,3
3,0
2,4
8,-7
17,-2
-3,2
-2,3
4,-4
-3,-2
-2,2
-1,1
-5,5
2,1
-4,-4
0,-3
-4,-5
1,3
-1,5
-2,0
-1,-5
0,-5
-3,0
4,0
0,10
-1,3
1,-1
-5,-5
-5,2
7,-1
1,0
-7,5
0,-10
-2,-4
-4,3
-2,-2
-1,-2
4,4
-2,-6
-1,-5
2,5
7,-2
-2,3
3,-5
2,0
1,-4
-5,-1
-2,3
-5,15
1,0
-7,-8
0,-6
-2,1
6,0
-2,1
0,5
5,-2
-2,4
8,3
-2,7
2,5
2,1
2,-10
9,6
0,-2
0,5
-8,-5
8,3
-3,0
-4,-2
-3,1
3,-3
-6,-1
-1,-6
1,-3
2,9
-3,-5
-6,4
-1,-2
-1,4
2,2
-7,0
4,4
5,0
8,-4
-5,5
1,-1
-4,3
-10,1
-7,6
-11,-2
-4,-2
-7,-3
-3,0
1,-5
2,-2
3,0
-2,2
-7,7
-5,-1
3,-1
-1,-2
2,0
3,-1
-1,-3
-4,-6
1,9
7,1
9,2
-1,-1
-1,1
-3,-3
11,7
7,3
3,-1
1,-9
5,3
4,-1
-3,5
4,-4
-4,3
-2,-8
-2,-3
0,1
-2,1
4,-6
0,3
-1,0
-4,-6
-4,7
2,-5
-9,-1
-3,0
3,-7
0,1
0,10
2,2
-4,3
3,1
11,-1
-1,-1
4,-2
4,-4
-9,0
-3,0
-3,4
1,-1
-4,3
1,1
-6,2
-1,-4
0,0
-8,-2
1,-1
-4,5
5,-3
-2,-1
-2,-1
8,-4
1,3
7,-3
5,-4
2,3
-2,2
-2,0
-10,-7
0,8
-3,-1
-7,6
1,1
6,1
-1,0
2,-1
-6,-6
-6,-2
-1,-9
-1,-3
5,-10
-2,-2
2,-1
2,-7
-5,-4
-9,-4
-6,2
5,3
-7,0
-3,5
0,0
-6,-8
-5,-4
8,2
1,-3
0,-3
-2,-4
1,3
2,6
4,-7
6,1
2,7
7,5
0,3
2,1
-1,2
3,5
4,-1
-2,1
-6,0
-1,1
-1,-6
-9,-1
-2,5
7,1
1,-1
-2,-9
0,0
-2,0
0,-2
-3,2
-4,-6
2,-9
-1,-2
2,3
-2,6
-1,0
4,-1
-4,-3
-5,-6
-1,3
-5,2
1,-6
-5,-3
-6,-1
-1,-3
-1,5
-3,-2
-4,-4
-1,4
5,8
-6,-5
-7,7
-1,5
1,3
2,4
2,-1
5,0
-2,2
-4,-8
-2,7
-3,2
6,3
-2,0
6,-7
6,-1
0,5
-2,1
2,-2
6,8
3,0
0,6
-3,2
-2,0
-10,-2
3,-1
6,0
-1,0
-2,5
3,-4
3,-3
-1,3
5,0
-1,-5
2,-2
1,3
2,-12
-1,-1
7,2
-1,5
-5,-5
-6,6
-6,4
-2,0
7,3
5,0
3,2
-1,1
4,0
-8,-4
2,-1
2,-2
-3,-8
5,5
-1,2
-1,-2
5,-4
-3,4
5,-1
4,-3
1,-1
0,3
-5,-1
-5,3
-1,9
-2,-1
-5,2
9,0
3,-5
0,-6
-6,3
6,-3
6,2
4,-6
3,2
-2,-7
3,0
-4,5
-7,-4
1,-2
6,2
7,-5
-3,2
2,6
-5,-3
3,4
5,-4
-2,-2
2,-1
-1,-1
0,-7
4,0
5,-9
-9,-8
-3,-5
-3,-1
1,2
-4,3
-7,4
3,-2
-4,-3
0,-1
2,2
0,-1
-4,3
3,-2
2,-1
-2,1
6,-1
3,-6
-3,-6
1,-4
5,-1
0,-1
0,0
1,1
1,1
1,-6
0,2
0,-1
10,1
3,-4
-4,0
0,7
4,4
5,-7
2,-2
-4,5
4,4
-5,2
9,-1
-6,0
0,-6
1,6
5,3
2,-1
-4,3
0,2
1,-4
1,3
4,-6
4,-1
-5,-5
-7,3
3,-2
2,-8
-5,1
0,-2
1,3
1,-4
4,-2
1,10
-6,5
6,5
-1,-3
-2,-5
3,-1
1,-2
5,5
5,-4
-3,9
3,-2
-8,-5
3,-5
-3,4
-1,4
-1,-7
-4,-1
-5,-3
-5,-3
-1,2
-10,-4
0,-6
-3,-4
-2,2
2,-4
4,-7
-2,-1
-3,7
2,2
-6,4
1,6
2,0
-2,9
7,7
1,0
-8,2
8,1
-2,5
-2,-4
2,1
-2,-4
-1,2
-1,0
-4,-7
-2,2
3,-6
-1,4
-3,-8
-3,0
3,0
7,0
0,-1
3,-4
3,8
-1,8
8,2
-6,1
3,3
1,-3
1,1
0,-3
-1,-1
1,1
-4,-2
4,3
-1,3
3,5
-9,-2
4,2
2,0
-5,7
1,-4
2,1
1,2
3,-3
2,-1
3,0
6,4
2,3
-4,4
-1,2
3,3
-2,1
-2,2
0,-1
1,-4
4,-1
0,-9
0,3
-2,-1
8,-3
1,-3
-2,4
1,2
2,6
-5,2
-3,-2
0,-1
-1,-3
-1,1
0,-7
-2,2
0,0
-5,6
1,7
6,2
-3,0
1,3
6,-1
5,-2
2,1
-5,-4
-2,-3
-7,-2
-2,-2
5,3
-4,7
1,6
-6,-1
5,2
-2,0
7,9
-1,5
2,2
6,-1
-7,3
3,-1
-4,1
0,4
4,-2
3,-2
10,3
-6,2
4,3
-3,-9
-2,7
-3,2
2,-3
2,0
2,2
-8,-4
2,-6
0,5
-6,-3
-7,0
4,1
-2,0
-3,0
-5,2
-2,1
-6,0
3,-2
2,3
-1,-1
-2,1
11,1
-7,-2
3,4
7,-5
4,5
5,0
1,4
-2,-3
-7,-3
-1,5
-1,-1
-8,-1
-2,-9
-2,-2
1,-3
5,4
3,-10
-4,0
-1,-3
-3,-1
4,2
-1,-2
-4,1
4,-3
-2,-1
3,-1
-2,-10
-8,1
1,5
-1,5
0,-4
2,0
4,2
1,12
-1,-1
-7,-3
-2,-4
0,-2
0,0
3,2
2,8
-2,2
-4,-1
-2,0
0,4
-4,1
0,-1
0,-4
1,1
3,0
-6,-4
-1,-2
1,-5
-7,0
-4,5
6,-2
3,-1
3,-7
-1,1
1,3
2,3
1,0
3,4
-1,3
12,-1
-1,-7
-3,0
5,-4
1,5
-1,1
-1,-7
-5,0
2,-7
1,1
3,10
-5,0
-4,1
5,2
1,-8
5,-3
1,5
-4,2
6,-8
-4,4
-8,0
1,-2
4,-2
3,7
-1,1
1,-3
0,8
3,-1
-4,5
3,-4
-6,-4
-1,3
-3,4
-4,1
-1,-10
-1,-1
-1,-3
5,-2
-4,-6
8,7
0,-7
-2,-1
3,5
3,0
-3,2
-4,-3
5,3
2,-1
-4,3
3,6
1,2
1,-2
-6,-4
-2,-1
-6,10
-1,2
-3,0
-5,1
5,6
-2,2
-3,-2
-3,-3
-3,1
-1,1
-3,4
1,1
-2,-2
0,0
2,0
-3,4
2,4
1,-1
-1,-1
3,4
-1,-1
4,0
-6,-4
1,5
-1,-3
1,-9
-8,-5
-5,2
4,8
-5,3
-6,-4
5,0
5,3
8,0
-3,-3
-1,-4
2,5
1,-1
1,7
4,-6
9,-2
0,1
7,-1
-5,6
-4,1
7,-3
2,-1
7,6
8,0
-4,1
-6,-4
4,4
3,-1
2,10
-5,-1
-1,1
-6,5
0,-3
1,7
8,2
-3,-5
3,-8
4,7
7,-7
-2,-7
-2,0
8,1
1,3
-2,3
-2,-1
3,-1
-9,2
2,-2
2,-5
1,-2
3,-8
3,-14
0,-4
-3,1
-5,2
-5,-2
-1,2
-2,4
4,4
5,-1
-11,-5
3,1
2,6
-3,5
-6,-2
1,0
5,0
1,-8
4,6
7,0
1,1
-11,6
-7,-7
2,4
2,-4
2,-2
-8,-2
-5,-7
-2,9
-3,1
-2,-2
-4,0
-1,0
-8,-1
4,-5
-3,-4
-3,6
9,-3
4,1
4,0
-1,-5
-1,0
6,1
-4,-1
-1,-2
-3,-2
1,-6
-1,2
-3,3
-5,-8
2,5
4,-1
6,3
-3,-1
-5,1
-6,4
-7,0
-4,-3
-2,-2
-5,5
-1,-2
3,1
-5,-1
-2,2
0,2
-1,1
-1,-2
4,1
0,-4
6,0
-2,4
-1,-4
7,4
-5,1
-7,1
-8,-5
-6,0
1,-3
-10,-4
2,6
8,-1
-1,5
3,5
0,-8
-1,1
5,2
-4,-3
4,-9
1,2
3,4
2,1
7,10
-5,0
1,-6
1,-1
5,7
-21,32
51,-14
95,-74
59,-96
5,-96
-1,-121
-10,-156
-55,-157
-106,-82
-119,27
-118,103
-178,147
-167,141
-13,117
116,98
75,74
-60,22
-94,-30
0,5
42,79
-23,52
-59,-83
20,-143
79,-41
44,49
-9,6
-10,-58
-13,-24
-28,37
-18,0
28,-69
21,-34
-75,34
-119,4
-30,-91
73,-78
64,1
-49,-11
-97,-100
-49,-42
0,113
-9,124
-41,-37
-20,-153
18,-47
12,73
-23,10
-35,-129
-37,-137
-26,-16
-15,55
-1,12
13,-42
35,-1
4,66
-26,81
-16,25
-1,-1
4,-19
17,2
41,-14
54,-12
44,-6
-7,8
-21,-6
11,-29
13,-22
-21,44
-25,87
14,51
30,-33
-49,-76
-118,-10
-77,52
15,16
45,-41
16,-61
-7,-19
-12,14
-9,14
0,-18
40,-22
63,-17
4,-4
-63,-6
-58,-32
15,-39
43,-33
11,-5
5,-8
4,-40
-25,-39
-59,-9
-76,25
-47,28
-56,20
-72,5
-39,6
41,13
63,20
37,15
2,15
21,-1
22,6
-7,33
-40,27
7,27
56,-15
31,-33
-45,-25
-58,2
-27,10
16,-17
13,-11
6,29
22,56
16,24
-2,-30
-13,-16
9,42
14,56
-4,25
-33,5
-46,17
-39,11
-21,-28
10,-44
15,-2
11,16
-12,-22
-32,-46
-19,-23
-7,1
3,-28
33,-36
37,30
30,102
32,77
36,-19
10,-41
-28,24
-21,46
2,9
18,-34
-6,-5
-21,29
-15,25
15,9
24,21
38,25
52,-7
52,-41
7,-36
-8,-27
1,-26
19,-18
33,43
21,63
-13,32
-5,-5
16,-10
25,33
-3,41
-36,-5
-50,-23
-19,11
35,57
33,48
-5,24
-4,11
39,11
72,-20
49,-42
-4,-62
-27,-41
-5,-44
24,-34
9,-19
-21,17
0,38
42,29
81,11
42,8
-23,29
-26,8
31,-30
71,-55
19,-22
-50,4
-39,17
50,11
83,34
18,66
-33,55
-25,32
22,21
4,21
-47,25
-51,29
2,12
32,-14
10,-37
-21,-12
3,43
20,47
7,16
-13,21
-16,33
-19,27
-17,-47
-15,-71
-15,-37
-3,14
-19,4
-31,-13
-62,-1
-67,31
-34,10
31,-23
49,-16
-6,-4
-52,-17
-14,-31
55,-8
70,43
16,44
-14,-4
-7,-37
36,-22
37,8
35,-1
28,3
9,6
-3,25
7,18
27,-10
26,-37
-9,-40
-21,-33
-6,-29
8,-29
4,-28
-32,-35
-13,-17
2,25
13,58
-8,73
3,52
22,18
26,-9
8,-3
-17,12
-9,21
20,-4
3,-23
-30,-23
-10,-2
31,8
47,0
-17,-13
-78,-19
-59,-12
12,-27
17,-22
-38,-14
-54,-15
-15,-9
29,18
25,27
-23,18
-35,0
9,-16
25,16
13,52
24,40
48,-7
57,-16
40,-6
8,24
3,40
-2,36
-23,12
-24,8
6,20
15,15
2,5
-13,-1
5,6
17,33
2,50
0,21
7,-31
19,-40
14,-17
-8,17
-27,28
-17,24
-19,19
-4,13
2,-15
22,-29
16,-17
5,4
-1,-14
6,-29
2,6
20,40
33,29
24,-15
15,-6
12,38
16,44
5,-36
-12,-65
-14,-11
0,74
30,72
16,3
-6,-15
-17,20
-19,33
2,9
7,-19
-5,-3
1,28
9,40
8,26
-16,11
-28,13
-26,11
0,20
7,21
1,20
-20,15
-28,25
-29,26
-16,34
-21,9
-21,-25
-4,-18
24,-13
16,4
-1,-14
-37,-31
-69,-35
-35,-12
20,10
27,20
12,7
-27,-4
-33,5
-8,15
2,5
-5,-12
-8,16
3,41
12,27
11,-20
-15,-11
-34,28
-43,65
-31,41
17,20
48,23
30,35
-19,21
-32,-15
10,-38
44,-39
2,-2
-49,31
-43,49
21,47
50,37
35,32
-7,34
-20,7
1,3
8,13
8,38
4,27
18,6
11,4
-6,24
-40,15
-32,-6
-26,-24
-17,-3
-25,33
-5,12
25,-3
38,-10
26,9
-6,19
-7,2
4,-19
19,-12
2,-17
-7,3
-14,27
-21,4
-29,-31
-29,-57
-8,-40
-2,-4
-26,4
-19,-16
34,-23
64,-1
32,32
-43,42
-37,6
23,-19
34,-32
-7,-7
-45,12
-16,-2
11,-25
-4,-18
-24,0
-6,6
27,-7
-12,-7
-62,7
-59,9
0,-4
28,-18
-23,14
-39,27
10,-5
40,-10
17,32
-30,54
-16,30
12,-43
8,-40
-14,-12
18,-1
30,1
-16,-19
-63,-26
-23,-38
44,-11
39,9
-11,2
-25,-67
13,-102
9,-61
-28,-2
-39,4
-31,-28
-23,-18
-41,29
-51,48
-11,3
23,-22
4,-1
-18,20
-18,18
-3,21
-10,15
-23,-12
-10,-34
-5,-34
-3,-21
7,-27
36,-57
37,-54
2,-15
-17,9
15,22
45,7
20,-9
-20,-17
-23,-4
-1,7
18,17
-12,-5
-11,-10
9,10
15,50
-13,45
-11,0
5,-10
17,30
15,54
14,47
32,3
34,-18
-5,-19
-50,-6
-25,12
19,20
46,13
15,-2
-41,1
-51,25
-36,27
-14,9
-1,-18
-11,-26
-42,-16
-54,-27
-49,-24
-26,-7
3,-2
5,-5
20,13
34,37
30,38
5,11
0,4
21,32
34,43
22,5
9,-42
26,-44
41,-1
17,12
-5,-14
-15,-40
-5,-32
1,10
7,21
1,13
24,12
21,-4
39,6
34,0
23,9
1,12
-14,21
4,17
23,17
44,6
20,8
-6,0
22,5
39,-2
23,3
-23,27
-21,28
15,0
12,2
-20,-6
-50,-20
-14,-45
23,-36
9,8
-17,39
-29,26
-12,11
-22,14
-32,48
-24,56
10,43
4,-5
-17,-19
-9,-16
11,-10
17,6
0,6
11,16
46,23
50,31
29,7
2,-6
5,-22
18,-1
9,-2
-20,-7
-32,-19
-13,-10
-1,-7
-6,-10
-2,6
-2,-4
8,-7
27,-25
16,-22
-8,-6
-15,6
-9,0
-11,-13
-42,-6
-57,18
-29,24
14,4
6,-14
-34,-17
-27,2
11,17
30,16
1,1
-22,-16
-31,-22
12,-24
37,-29
21,-37
-13,-30
-37,-6
-40,10
-36,12
-27,23
-16,39
-12,43
23,6
28,4
12,39
-28,52
-36,16
-10,-29
-7,-32
-19,-2
-20,7
-4,-12
-7,-8
-13,-8
1,-20
29,-28
41,-8
11,12
0,17
18,1
7,6
-22,33
-19,16
30,-32
46,-49
0,-3
-42,36
-7,25
12,-7
4,-9
-50,18
-49,50
12,51
41,23
11,-20
-27,-33
-21,-5
-15,31
-8,28
11,1
56,-18
44,0
-27,28
-58,10
-28,-4
36,12
52,14
19,4
20,-30
13,-32
8,18
-6,20
3,8
17,-27
-15,2
-34,45
-14,43
34,10
32,-8
-10,-13
-5,7
38,-3
48,-17
-19,-15
-62,3
-49,15
4,-12
17,-6
2,-15
-4,-19
19,-10
37,-4
30,6
-4,-8
-28,-15
-26,-12
-7,7
15,9
11,-19
5,-30
-11,11
-21,41
-24,40
-19,36
-40,39
-43,37
-11,20
15,0
23,20
25,43
31,43
39,-12
35,-46
7,-44
-18,-23
3,-2
8,-13
-12,-2
-7,12
31,0
42,-35
5,-44
-38,-16
-44,-11
-28,-12
-38,-18
-62,-20
-20,-20
49,-13
55,-4
-6,9
-49,15
-29,10
2,17
-2,30
-41,17
-36,5
-15,-24
1,-10
14,12
32,13
18,-5
9,-33
7,-16
42,-6
43,6
23,16
-12,6
-17,14
5,6
1,15
-12,4
-18,10
-6,-3
8,-19
12,-37
1,-42
-12,-21
-13,-7
-14,-8
-2,-21
10,-34
-5,0
2,5
17,0
68,-8
48,-13
23,-20
-13,-30
-15,-17
7,1
17,-2
25,-32
-4,-44
-14,1
7,38
42,28
41,-1
-9,5
-35,6
-7,-4
26,-18
22,-14
-19,-12
-21,-14
9,-7
41,3
25,20
2,42
5,35
12,45
21,49
19,10
20,-26
15,-27
0,4
-1,33
14,37
31,14
25,-3
19,-18
8,-29
1,-17
-4,0
-4,-20
9,-50
0,-29
-13,6
-13,-6
6,-25
15,0
-13,17
-35,12
-38,-28
-22,-23
-21,5
-31,34
-15,16
16,5
20,42
-26,50
-57,10
-51,-35
4,-13
26,19
28,7
28,-26
20,-29
18,-2
31,9
34,-29
15,-39
-12,-19
-15,-6
7,-20
17,-36
-21,-22
-38,-20
-18,-29
28,-23
39,-22
7,-10
-27,-17
-18,11
7,36
18,39
-1,18
2,23
7,23
9,2
23,-13
24,-1
20,19
19,31
5,22
6,23
-6,30
-12,29
-12,-7
16,-13
43,-25
39,-16
6,-37
-7,-49
0,-26
2,-13
11,-18
9,-37
-11,-44
-17,-18
-31,24
-2,20
-10,-23
-3,-39
-6,-23
22,17
12,19
-16,-10
-31,-12
-19,9
21,30
29,20
-6,1
-39,25
-8,40
10,38
17,14
3,24
19,24
43,18
58,-11
22,-2
10,20
-5,20
-20,-17
-51,-27
-47,6
-14,35
30,20
33,-19
-3,-10
-34,17
-27,1
-5,-16
14,-20
12,7
-5,7
-13,5
-4,-6
-8,9
-26,20
-30,13
-7,21
17,19
6,44
-9,6
-17,-4
-8,7
-17,16
3,6
23,-10
14,-20
-32,-10
-34,1
-1,1
18,5
-3,15
-47,3
-44,-19
-2,-38
-7,-31
-27,-14
-23,-12
10,-11
25,-2
10,-4
-10,5
-21,28
-19,53
0,50
11,18
24,-6
34,1
21,7
12,-2
21,-2
24,11
22,35
19,39
21,46
34,64
45,73
58,31
64,-26
25,-56
1,-18
18,18
47,-9
46,-36
19,-43
-6,-20
-9,-36
-2,-61
-14,-9
-14,54
-8,57
-2,12
-22,-6
-21,1
0,13
1,-20
-18,-63
-43,-30
-31,-2
19,16
34,21
17,41
33,40
36,28
26,12
-7,8
-24,-4
-12,-18
28,-29
54,-16
47,11
38,25
16,2
6,-21
8,-16
0,19
-6,49
-5,53
-2,41
19,-14
6,-52
-7,-33
-32,3
-44,20
-35,22
1,28
5,26
-11,17
-36,-1
-41,4
-18,23
6,32
-8,28
-43,25
-56,31
-34,22
-13,13
-1,-6
12,-22
35,-31
13,-14
-24,18
-44,20
-9,3
41,1
53,27
9,34
-9,-2
-2,-65
14,-47
26,-6
17,-18
15,-52
-8,-42
-10,5
-10,20
-27,-10
-46,-18
-38,-12
-11,1
15,-19
11,-39
-6,-26
-1,-8
-4,18
-21,21
-30,22
-3,25
37,20
36,12
-3,8
-38,5
-23,0
1,6
23,16
24,22
47,-15
56,-16
32,-19
7,-9
19,-10
31,5
39,8
18,2
5,-21
5,-26
-6,3
-12,25
-8,19
16,2
19,-6
-24,-15
-42,-27
-2,-32
17,0
18,15
-15,4
-7,-9
18,-14
25,-10
16,-7
15,18
39,33
36,35
7,5
-29,-17
-22,1
14,38
45,28
23,-23
5,-51
1,-42
-11,-14
-14,-20
-31,-28
-21,-10
5,22
26,35
18,8
-6,-2
-29,3
-47,-3
-37,-9
-14,1
21,5
17,10
-6,5
-23,9
-41,3
-46,-3
-36,-9
-31,-6
-9,-5
-9,9
-6,20
-1,4
16,-22
20,-34
-3,1
-14,21
0,22
6,16
1,7
-16,11
-14,13
5,15
43,21
39,27
26,9
12,0
2,17
9,27
3,16
-8,-3
-10,8
8,22
30,20
20,-24
-21,-38
-65,-13
-61,11
-10,13
7,-12
16,-17
12,-22
6,-26
14,-44
4,-29
0,-16
-1,-23
-20,-17
-26,-5
-24,36
-11,58
-18,38
-29,17
-32,-1
-11,6
31,12
33,8
15,19
-8,14
-1,1
6,-3
18,5
11,33
-6,26
-4,-25
25,-39
40,-16
26,34
-9,26
-21,2
5,-23
25,-20
14,-5
-13,-5
-15,-19
-7,-15
-14,-7
-14,-2
5,-3
13,-8
0,-1
-23,-2
-46,-3
-25,2
-13,-10
-9,-6
-12,-8
-3,-6
2,-1
-6,5
-7,-9
5,-19
17,12
5,19
-15,13
-24,-8
-15,-7
-14,-13
-12,-21
-7,-22
-7,-8
-20,4
-17,-3
-9,-25
-16,-9
-21,13
-29,35
-30,28
-17,18
-16,15
3,-5
14,-19
23,-24
15,-2
8,4
5,-1
7,-15
10,-3
24,-12
24,-16
19,-20
17,-13
8,4
7,7
6,-18
-8,-17
-9,8
-2,11
0,-7
13,-25
16,-4
21,39
1,58
2,49
16,20
33,3
22,1
22,8
14,6
6,12
13,9
18,1
27,-11
-7,-8
-19,4
-9,2
14,-14
20,-31
8,-22
-20,-8
-2,12
4,15
1,28
-35,57
-37,44
-2,11
14,-20
12,-9
13,12
25,1
8,-1
4,10
-6,50
-5,61
9,29
9,-7
6,-3
-15,16
-22,3
-19,-13
1,2
32,21
15,25
13,0
24,0
30,20
37,21
9,-11
-5,-36
8,-16
35,6
17,-13
-2,-41
-17,-32
16,-23
32,-18
30,-26
-7,-16
-46,-8
-34,-9
-7,10
26,19
11,18
-22,10
-12,-25
9,-28
10,12
-10,14
6,-15
13,-24
14,-11
-26,7
-49,16
-31,38
9,48
11,49
21,4
12,-37
22,-21
41,18
28,38
27,22
26,2
24,-13
24,-26
11,-24
-1,-2
-7,12
11,1
19,-17
19,-9
23,31
30,41
44,8
38,-18
18,-19
3,-1
-17,15
-16,7
-20,-8
-22,-6
5,6
25,22
26,16
-2,-13
-38,-2
-14,16
36,32
36,4
3,-29
-23,-18
-18,9
-4,-6
4,-9
3,20
9,55
6,39
7,8
-1,-18
-20,-2
-2,6
21,-3
-10,16
-20,45
-27,38
9,0
23,-11
0,-7
-24,-18
-3,-55
20,-55
6,-4
-24,24
-35,22
1,-14
17,-26
-3,-13
-7,-2
12,-4
19,9
16,18
-2,13
7,15
9,24
15,30
1,-6
-13,-11
-21,7
-18,29
-12,17
-11,-16
9,-11
5,24
3,20
7,6
17,-7
23,-17
23,-7
13,3
-6,8
19,29
38,23
33,25
-10,15
-16,12
16,29
48,25
22,3
-24,10
-31,18
-13,30
-1,14
-32,-13
-35,-19
1,-16
11,3
21,5
9,-19
-2,-23
8,-7
11,10
18,13
16,-12
10,-21
-28,-37
-39,-17
-2,-20
21,-24
7,-34
-21,-21
-23,-1
-19,2
-14,5
-28,21
-22,31
-19,19
-13,-10
-5,-20
-2,-22
-1,-26
5,-26
-13,-30
-29,-3
-35,16
-43,9
-37,-22
-39,-13
-12,-9
-5,-8
-5,-9
1,-7
19,10
28,3
17,-13
2,-14
-3,8
14,12
23,-19
11,-50
0,-33
-17,11
-28,22
-4,-9
34,-34
48,-15
12,12
-35,14
-21,-2
4,-5
9,13
1,15
-3,12
6,-7
17,-7
3,-12
11,-23
17,-22
-1,-20
-14,-7
-11,1
1,-7
-3,1
-24,7
-30,23
-18,46
-22,40
-18,42
-17,35
-6,9
4,-18
8,-26
-2,-15
3,9
17,-3
20,0
7,4
-3,24
-10,6
-4,-7
4,-11
-6,9
-35,19
-30,-13
-11,-35
21,-30
31,-11
29,-13
5,-15
9,5
26,15
29,10
23,-2
14,-27
6,-5
17,-5
12,-6
-5,-15
-20,3
0,13
7,22
2,-9
-27,-18
-23,3
-12,26
-13,28
-24,16
-26,2
2,-5
23,-2
-2,-8
-2,-26
17,-14
16,17
-14,11
-45,9
-16,-2
35,9
39,23
-6,16
-29,-2
-7,2
8,21
1,46
7,33
39,5
74,-11
45,-10
4,1
20,23
32,14
21,4
1,-4
6,2
25,18
21,40
3,55
-2,48
1,15
-15,-38
-15,-41
13,-27
20,3
13,-3
-3,-21
12,-6
25,14
12,3
3,-31
4,-36
29,-23
18,-5
-18,-16
-23,-27
2,-4
-6,8
-13,9
5,7
13,0
9,23
-13,31
-29,13
-22,9
-27,9
-33,3
-18,4
4,-1
24,-3
10,-12
13,-1
27,1
44,16
16,17
-25,-6
-41,-32
-28,-27
-2,-11
-1,6
7,22
29,30
43,35
20,25
10,19
36,22
41,19
18,20
-13,10
-32,0
-20,0
12,1
29,-22
24,-33
21,-34
-9,-9
-11,-6
2,10
10,12
-11,2
-9,-4
-17,-17
-10,-15
-11,-9
-14,-12
-8,2
2,17
9,22
-8,14
-21,6
-9,-1
-8,-3
-7,10
-10,17
-8,15
27,-7
43,-22
33,-17
31,20
9,37
-4,17
-36,-28
-45,-34
-29,-22
5,0
13,1
23,19
15,41
12,27
3,-2
-8,-14
13,7
23,22
7,17
-9,2
-7,9
26,19
40,5
16,-12
-8,-6
-8,6
5,15
9,9
19,-3
25,5
9,9
0,-2
-15,-15
13,-23
49,-15
29,-8
-1,7
-8,-20
-9,-49
20,-49
5,-16
3,9
7,21
17,10
7,-4
-6,-25
5,-25
14,1
15,18
-16,15
-8,-4
10,-11
0,12
-5,25
-6,32
7,8
21,-1
-1,-2
-21,7
-15,20
9,8
29,6
6,12
-13,32
-6,39
28,18
48,-2
24,-4
-4,1
-25,-3
-25,-23
-17,-13
-26,1
-41,9
-57,-15
-38,-23
0,1
46,20
62,22
35,19
-17,-2
-33,-12
-21,-22
7,-2
18,15
16,1
2,-15
-17,-24
-21,-1
-10,-4
20,-15
28,-25
21,2
-2,7
-23,-14
-28,-20
-25,18
-12,44
7,-8
40,-65
32,-35
8,15
2,10
1,-38
-24,-63
-47,-20
-39,35
-20,15
-6,-11
-6,-15
-5,-22
-4,-23
-10,-43
-34,-21
-34,26
-5,42
16,24
14,-10
5,-9
14,18
22,47
7,30
-19,4
-31,-7
-11,2
1,17
-10,6
-35,-5
-24,5
1,21
13,5
5,-15
-13,1
-24,26
-26,31
-19,6
-12,16
-3,20
-29,22
-50,3
-16,3
28,20
33,17
0,0
-26,-15
-14,4
6,19
-11,5
-38,-12
-50,-10
-20,3
-16,5
2,10
24,12
47,8
42,-11
27,-30
4,-19
11,-1
44,21
37,13
8,5
-14,4
-25,-9
-20,4
-29,3
-23,-7
-6,-4
10,-24
12,-34
10,-19
-5,-20
2,-13
-3,26
-16,35
-27,4
-5,-30
10,-30
15,4
3,5
-11,-37
3,-66
0,-33
-13,-5
-22,5
-21,17
-18,22
-14,26
-6,17
-4,-19
-17,-25
-23,-1
-13,22
-4,9
-6,-17
13,-27
31,10
24,32
-11,22
-32,4
-28,-2
-1,-9
13,-14
5,-4
-14,15
12,25
42,-3
48,-12
22,12
-4,30
3,26
18,20
19,34
14,39
10,16
0,-19
11,-23
-5,-8
-4,20
7,20
6,43
0,50
5,16
3,-25
8,-45
-6,-4
-20,32
-12,27
8,6
1,11
5,35
32,23
27,5
1,-3
-10,10
-6,7
21,-22
25,-34
20,-5
10,15
14,-3
6,-12
-8,-29
1,-28
12,-33
9,-38
7,-21
-13,-2
-22,4
-29,0
-41,4
-29,-3
5,-2
12,-8
17,-25
8,2
4,17
-8,36
-23,10
-24,-16
-20,-9
-16,-5
-27,12
-42,10
-11,-7
-3,-18
-28,-9
-25,-6
-4,8
8,14
-21,17
-27,9
0,7
12,3
-13,-11
-20,-27
-18,-11
13,17
4,37
-15,24
-25,-4
-14,-1
-17,9
-6,5
15,-3
29,-5
13,16
-22,16
-11,-9
12,-19
3,-7
-26,3
-31,-1
0,11
18,32
25,29
10,2
-15,-30
-30,-26
-16,-12
2,-12
17,-10
13,25
11,45
21,32
37,0
26,-13
11,-17
9,-11
14,-14
-15,-3
-41,6
-26,12
21,29
37,22
16,2
14,-38
15,-42
23,-10
0,20
-13,12
-7,-15
6,-19
-12,-16
-20,-12
-4,7
1,17
-3,22
-10,6
14,-26
41,-41
30,-9
10,14
2,4
23,-20
26,-10
25,8
-7,14
-34,-11
-46,-17
-47,13
-32,22
-32,39
-50,28
-53,27
-11,28
9,-7
-30,-25
-43,-24
-4,-9
17,15
3,19
-28,10
-37,-23
-18,-28
-11,-11
-32,9
-49,22
-21,6
-5,3
-19,26
-18,33
-18,8
0,-12
15,-21
22,-2
49,0
45,2
-7,22
-46,32
-7,23
20,6
31,-11
1,-3
-20,-7
-2,-4
28,-11
32,-4
16,14
-10,23
-6,26
3,24
16,-13
17,-34
3,-37
2,-4
7,8
18,-11
20,-18
11,-24
-7,-20
-6,-11
22,11
30,16
7,-1
-11,-14
-10,-22
18,-1
44,1
41,3
12,11
-6,30
0,27
6,-7
22,-29
9,-22
-2,17
-32,29
-33,14
-31,-6
0,-25
18,-18
24,-12
7,-7
-27,2
-35,1
-22,-2
11,-4
-12,4
-19,7
-16,10
19,3
-4,2
-21,-4
-41,-15
-14,-19
20,0
24,7
-3,-2
-29,-13
-11,-26
7,-24
18,-22
16,-7
6,-2
-10,-10
3,-30
20,-35
25,-2
10,27
-12,12
-4,-3
-15,5
1,16
4,17
24,-11
22,-14
0,-14
-23,0
-11,5
0,4
-10,3
-30,1
-20,11
-14,1
-21,19
-38,19
-21,13
-3,10
-4,0
-19,3
-25,8
6,8
8,-8
-14,-1
-20,12
-27,15
-7,-1
10,-25
-17,-10
-17,1
-9,2
11,-24
16,-16
4,10
-16,21
-14,1
-3,-15
-5,6
0,13
14,1
20,-27
21,-17
0,4
-11,10
-13,3
6,-3
18,5
-1,13
-5,25
5,15
16,10
11,-19
2,-39
-14,-33
-16,7
3,20
19,-2
29,-15
12,2
-9,36
-14,21
-1,21
4,29
0,37
-21,32
-13,8
2,-8
1,-24
-23,-23
-22,-13
-22,20
-1,28
14,4
30,-20
11,14
-6,53
-20,39
-6,-8
-3,-29
3,-6
-2,1
21,-22
48,-49
34,-24
25,45
4,56
-1,39
8,4
14,-12
0,-28
-5,-19
-22,0
12,2
29,3
30,6
3,13
-15,16
7,-11
33,-24
27,-7
-4,12
10,8
39,-24
44,-32
25,10
7,43
-16,21
-27,-6
-41,-10
-42,5
-30,8
7,5
27,17
32,14
32,-7
4,-27
-14,-16
-19,-13
-19,-13
-8,-25
-3,8
-5,12
-1,-2
-6,-35
12,-24
20,21
20,36
11,4
-9,-19
-27,-7
-23,8
-7,-8
6,-46
3,-24
7,7
15,-4
11,-25
-10,-6
-14,16
-17,11
-5,-16
-5,-29
-4,-13
-7,-10
-5,2
3,2
-18,-17
-47,-26
-46,-6
-19,15
-10,11
-14,-15
-13,-47
-6,-26
6,20
4,34
5,2
17,-13
9,-3
15,40
-1,54
-3,24
-20,-4
-25,3
-11,30
-2,28
15,5
-3,-7
-28,4
-43,11
-17,11
0,0
-17,-15
-25,-5
-5,-13
15,-13
19,-1
19,-6
-2,-1
-9,-7
-10,7
-17,32
-4,27
-4,8
-7,-9
-13,9
5,8
2,-5
6,-18
8,12
8,37
4,19
4,-7
-11,-17
-11,-6
-4,24
1,45
3,29
19,1
10,1
5,10
-6,15
2,15
-5,5
4,28
1,43
11,34
20,12
24,5
18,2
11,-17
-2,-12
5,0
7,34
1,21
-32,9
-42,14
-18,23
28,9
52,-28
14,-52
-12,-31
-5,14
30,19
19,14
-6,3
-1,-4
22,8
40,19
24,12
14,3
23,-7
34,-18
23,-4
-1,3
12,-1
26,3
22,13
5,22
6,21
24,9
15,12
-2,11
6,0
31,-3
23,4
6,23
-11,5
-2,8
-2,10
-6,18
13,13
34,25
36,21
-6,-6
-50,-49
-51,-57
-7,-46
12,-13
10,-1
-9,-6
5,-7
20,-14
28,-29
35,-13
26,9
24,9
2,-13
-21,-35
-29,1
-21,18
-7,-3
-17,-46
-31,-43
-32,3
-12,24
23,23
36,-6
18,-14
3,-6
-4,-1
10,11
13,18
5,7
4,-6
16,-23
2,-19
-5,-2
-7,-10
28,-23
38,-26
20,-12
5,-10
0,9
0,18
-14,1
-36,-15
-26,-13
-8,-1
14,-6
0,3
-4,11
-4,5
-5,-22
-9,-27
-7,-7
31,20
39,0
30,-45
9,-41
6,3
2,20
6,-18
-1,-27
-14,-2
-24,18
-18,6
11,-33
38,-35
12,-12
-14,-11
-23,-25
-17,-2
-12,0
-15,19
-6,6
14,-8
36,-18
5,-13
-7,-17
0,6
9,5
3,-19
-21,-19
0,-2
20,8
16,-6
5,-14
-3,-6
-15,3
-12,4
-13,-10
-8,-12
21,0
10,3
-28,-1
-60,0
-61,14
-30,11
-17,-5
-9,-25
6,-24
15,-18
5,-5
-20,10
-24,26
-14,5
-28,7
-13,-2
6,-9
28,-29
24,-33
-19,-17
-33,27
-11,31
5,2
-4,-19
-29,-25
-31,-42
-1,-46
13,-30
15,-15
2,-1
-9,-11
-14,-13
-12,-18
-19,-19
-31,-16
-51,-11
-58,-10
-42,-14
-13,-38
-14,-26
-35,3
-42,27
-25,17
5,-20
3,-36
-20,-23
-31,10
-13,33
11,23
11,6
-11,5
-20,12
-15,19
-11,-6
-4,-26
-4,-15
-5,12
6,23
-2,-6
-3,-39
-10,-36
-18,-12
-25,5
-25,-16
-6,-28
2,-14
-9,7
-16,13
-27,15
-31,1
-38,-21
-23,-56
-12,-58
-15,-23
-9,0
-22,-2
-19,-29
-25,-17
-33,-1
-2,13
29,6
32,-2
13,-8
-17,-12
-21,-20
-12,-24
-15,-15
-17,-11
-19,-6
-8,-1
-12,4
-3,7
-5,16
-12,-2
-21,7
-7,5
14,-10
26,-24
-1,-12
-21,5
-28,0
-24,-1
-7,7
8,22
34,30
18,21
-41,0
-74,-15
-40,-13
28,-1
37,-8
13,-11
-14,2
-9,3
22,27
18,17
-5,-2
-33,9
-29,10
-23,-3
4,-28
15,-40
20,-9
22,27
-1,28
-15,-11
-4,-39
15,-24
31,18
19,46
-2,15
-12,-29
-12,-40
-10,4
-16,34
-7,38
-15,3
-33,-12
-69,-2
-85,3
-38,7
8,-2
17,13
-4,16
-5,-3
-6,-14
-6,10
-34,25
-32,2
-20,-14
-9,-16
-22,14
-23,9
-12,-17
-1,-2
-5,28
-18,35
-14,-7
-5,-6
-20,4
-13,14
-17,-8
-14,-33
-29,-8
-31,23
-5,5
17,-13
10,-6
-20,22
-14,17
-11,-17
-9,-26
-8,-12
-1,10
3,12
-13,-17
-33,-25
-39,-16
-32,2
3,-7
2,-37
-9,-39
-11,-26
-21,-16
-19,-15
-19,-12
5,-23
-1,-9
-4,-14
-9,3
-15,10
-12,2
2,-10
-4,-14
-16,1
-19,24
-7,-2
2,-42
3,-35
-2,6
5,32
14,16
-8,-12
-25,-49
-18,-58
-3,-57
-2,-15
-7,28
7,40
44,1
40,-41
16,-61
-10,-32
-9,-1
-4,18
-10,21
-17,0
-4,-3
9,-4
14,-6
6,-3
18,-4
28,5
-3,9
-55,-1
-50,-12
-13,-1
28,4
33,-10
19,-36
7,-40
25,-20
10,5
9,-7
-25,-28
-15,-41
17,-21
50,4
31,-3
-21,-14
-53,-13
-27,-13
15,-4
21,-16
-2,-56
-13,-72
-4,-42
7,-21
3,7
7,-5
6,-34
-3,-27
-4,-7
-25,16
-39,20
-56,9
-49,-14
-10,-29
19,-26
27,-14
6,3
-10,7
-5,15
2,11
-3,3
-3,-1
-3,1
-5,9
-7,9
-10,-14
-3,-10
-1,17
22,6
31,-25
31,-41
5,-9
-22,4
-19,7
13,-3
13,11
4,-8
-10,-34
-4,-43
4,-13
6,25
6,1
-4,-2
-3,0
14,-2
32,-24
18,-38
6,-5
2,37
4,21
15,-11
3,-32
7,-10
10,2
11,-22
-2,-23
-10,-17
-19,0
-5,15
12,5
23,-13
24,-11
9,4
-8,17
-16,21
0,-1
3,-4
-1,11
-9,22
-4,6
14,-12
1,-26
-13,-27
-12,-32
6,-46
8,-27
-17,-11
-23,-42
-2,-37
30,-26
28,-4
10,-9
-16,-16
-19,6
-13,25
22,10
30,-14
12,2
1,30
18,19
31,1
41,7
28,29
10,25
16,-19
16,-54
26,-46
26,-16
22,-5
25,-25
18,-36
20,-23
26,6
16,26
-5,30
-2,9
10,10
26,26
29,39
6,17
9,-16
-3,-15
-4,2
-20,1
-9,-7
15,-3
11,19
15,39
14,28
1,15
-19,3
-4,8
23,8
28,25
0,28
-25,12
3,3
27,17
29,9
3,-4
-21,-10
0,15
14,28
14,10
-3,-25
1,-20
-7,28
-13,28
-16,-5
-22,-22
-19,10
-13,22
-10,9
-4,15
7,38
17,38
-15,10
-36,-10
-32,16
-15,9
2,4
-9,7
-36,22
-36,28
-17,7
17,-20
0,-3
-13,21
-24,22
-20,0
-9,4
-9,17
-13,5
-14,-7
-14,-12
0,-8
13,1
7,10
-14,0
-4,18
15,12
23,6
-7,19
-19,14
-17,-1
-9,-10
-17,15
-26,13
-18,-33
0,-41
-5,-15
-11,21
-21,2
-21,-25
-8,-27
6,-2
8,12
6,10
0,16
-5,30
-12,17
-26,10
-20,10
-17,19
-13,8
5,4
9,1
22,-5
3,-30
-8,-54
6,-16
19,21
11,36
-6,-4
-23,-8
-16,19
-6,26
-19,0
-24,-17
-9,-14
8,17
10,2
11,2
4,8
7,20
22,-10
13,-25
5,-18
4,-3
-3,27
5,11
15,-1
12,3
3,-2
6,-11
13,-10
18,-7
-1,-10
-19,-3
-12,11
2,-3
25,-14
38,-27
17,-24
-13,-28
-15,-2
2,-3
26,-16
30,-26
28,-31
0,-4
-4,-1
3,-4
11,-24
7,-24
-15,1
-4,10
11,7
32,-4
26,-16
-17,-20
-47,-23
-30,-2
-1,14
8,7
16,-4
22,-19
43,-7
22,-10
7,-5
11,10
24,-2
-2,7
-17,-2
-14,6
-7,19
-12,24
-14,15
-3,26
8,29
-25,13
-44,6
-28,1
30,9
39,-4
9,-16
-38,-15
-4,-4
18,13
6,6
-11,6
-12,9
13,9
17,8
4,25
-18,38
0,37
-15,1
-25,-18
-40,-4
-31,16
-3,30
2,4
-6,-7
-7,-2
-1,13
12,22
13,20
-6,20
-13,14
-16,37
-11,52
-22,34
-17,1
-24,-25
-8,-9
-1,9
2,10
1,-3
5,-5
-9,11
-12,-9
9,-32
14,-42
-13,-29
-47,-5
-48,19
-17,-17
10,-40
-37,-38
-64,-19
-37,2
19,10
46,-2
21,7
9,24
8,9
-4,-14
0,-34
-32,-18
-33,5
-27,5
-15,-4
-3,-2
-16,-6
-29,-16
-17,-35
25,-34
25,-34
-15,-20
-39,-14
-13,-9
16,-22
18,-24
1,-21
13,3
37,26
6,16
-27,-17
-29,-31
19,-22
19,3
-8,-5
-19,-6
7,-3
26,10
10,20
-8,16
-5,8
-10,10
-8,9
15,15
35,25
29,12
11,-24
7,-21
34,-6
31,21
16,15
-8,-17
18,-26
45,12
34,21
9,1
9,-26
22,-2
8,38
-19,26
-27,-10
-5,-2
11,29
28,37
6,12
-31,-21
-21,-14
6,30
12,13
-4,-11
-21,-2
-5,36
34,28
42,-8
18,-23
-15,22
-18,63
-32,42
-46,1
-35,-24
12,-13
21,14
-16,31
-46,28
-32,18
4,-4
11,-21
-21,-11
-27,20
-18,23
-8,-8
-16,-16
-33,-1
-30,22
-23,29
-1,19
21,0
10,16
-29,34
-58,30
-41,20
-39,-24
-23,-14
12,14
28,28
29,19
-11,-28
-18,-51
11,-26
43,0
41,3
14,-24
-10,-34
-2,-22
19,16
33,25
35,16
41,-20
12,-46
-13,-46
-10,-26
20,-11
24,-12
16,-13
9,-1
8,-4
16,-21
2,-25
-7,-14
-3,4
3,19
10,21
24,29
23,27
28,-3
11,-25
6,9
-2,60
-11,47
-10,-17
1,-56
13,-29
1,13
3,20
11,-32
6,-40
1,-18
5,28
17,28
31,3
23,-10
1,-1
-1,9
-1,41
-8,39
-16,34
-3,14
13,0
0,6
-15,22
7,6
17,-7
10,-27
-11,-10
-24,6
-13,12
4,18
-2,20
-11,32
-22,1
-12,-13
-7,-24
-6,-10
-3,1
-1,6
-2,-25
-2,-33
5,-17
-6,11
-23,15
-21,5
-19,-7
-24,-10
-35,-2
-20,0
-14,-13
-10,-30
-13,-61
3,-65
22,-26
13,7
-4,20
-16,10
-7,-10
-13,-6
-1,-2
18,3
24,3
11,-2
15,-7
37,-27
39,-29
4,-6
-35,23
-52,8
-9,6
12,-1
-4,6
-5,3
23,-22
31,-41
-7,-34
-40,-1
2,10
45,12
46,-13
2,-26
-19,-15
-4,9
27,4
25,-17
19,-44
18,-27
19,-6
6,-4
-15,-19
-11,-20
-6,23
5,12
-6,-16
10,-21
16,7
17,20
-18,-8
-39,-29
-15,-9
12,50
16,51
15,12
0,-12
4,10
14,17
17,24
13,-7
-3,-7
-12,-6
-2,0
4,-1
7,8
-1,-2
1,-19
-13,-23
-43,-9
-45,3
-39,11
-7,9
-25,19
-20,9
-2,-7
23,-8
31,20
10,47
-28,36
-25,4
-23,-6
-10,-14
-18,-22
-11,-31
-15,-34
-19,-32
-12,-22
4,-14
7,-20
-17,-32
-32,-22
-21,-22
-7,-3
8,25
13,40
16,24
32,7
28,-15
-16,-25
-23,-22
-27,9
-27,26
-17,26
-9,25
35,28
57,30
43,40
9,22
-9,3
17,8
32,14
17,18
1,7
-19,-2
-11,-3
21,-5
44,15
23,2
-2,-5
-10,24
-2,27
9,13
17,4
6,12
-9,26
-13,29
-13,20
-5,17
-3,22
-16,32
-35,31
-25,12
0,-7
22,-22
6,-2
-16,24
-29,21
-14,-12
18,-19
38,2
26,20
12,8
-7,-24
-6,-55
2,-42
6,-30
16,-17
14,-6
13,-16
-7,-30
-24,-43
-31,-39
-17,-22
3,4
24,1
20,8
-16,3
-36,-9
-31,-12
-28,-2
-26,16
-25,16
-17,4
5,1
18,-7
3,-15
1,-21
7,-29
16,-17
11,-8
-4,-6
-17,-5
-18,5
-24,11
-25,-2
-11,-1
-6,-4
6,-1
13,-23
29,-15
28,-1
5,25
-19,21
-11,-12
9,-29
10,-1
-1,24
-7,33
10,6
7,-18
-5,-2
-19,14
-13,36
-18,12
-41,3
-24,-7
-6,-10
6,7
-14,27
-17,18
-20,1
-12,-9
-14,12
-14,19
2,-9
0,-40
-21,-49
-27,-14
-20,21
0,10
-14,-16
-24,-30
-23,-21
4,-20
27,-6
7,-6
10,-10
-6,-21
-2,-22
12,-23
5,-11
-15,-10
-7,1
9,14
22,4
31,-6
18,-7
7,13
-9,8
-5,-2
6,6
-3,30
4,60
0,41
1,22
4,-4
-1,-17
11,-24
8,-21
9,-6
8,12
-11,-1
-24,-28
-35,-10
-2,16
-6,-7
-20,-16
-23,-25
-9,-4
6,10
-6,12
0,3
-4,-9
-10,-22
-11,-22
-2,-27
13,-6
1,-7
-4,-6
-6,-11
-8,-13
-12,-6
-20,-7
-14,1
-7,9
-24,10
-36,-7
-5,-21
29,-19
29,-29
7,-27
-17,-22
-13,1
8,2
16,-11
7,-22
6,-17
-4,-29
-1,-19
-9,-1
3,16
7,-3
-10,-24
-18,-17
0,11
10,14
7,17
-1,-4
5,2
22,24
42,21
37,-8
27,-20
6,0
-5,4
1,12
23,-12
35,-16
13,11
-16,39
-28,39
-9,17
11,-10
5,-29
9,-24
11,-4
-3,-10
-17,-9
-25,-2
-9,-1
-4,16
-13,17
-24,2
-27,-9
-10,2
12,-2
13,-10
5,0
-1,8
-14,24
-19,-3
-15,-25
-7,-36
0,-31
-1,-27
-4,-33
-1,-37
7,-23
13,5
-14,18
-32,4
-10,-1
18,9
35,22
19,23
10,27
10,24
15,-2
-5,-15
-14,-8
-17,8
-7,23
21,9
35,-10
33,-41
13,-26
-7,-7
-2,19
3,18
-3,-5
-22,-9
-39,16
-15,41
17,12
1,-23
-22,-19
-37,20
-29,34
-7,6
-2,9
11,15
-5,39
-5,4
-7,-23
-9,-21
-14,17
-29,30
-27,5
1,-28
26,-28
19,-16
-14,-11
-14,-14
-22,-4
-37,12
-30,11
11,3
39,5
19,15
-17,25
-13,26
33,10
53,-15
21,-19
5,-10
12,1
13,1
-4,-6
-25,-21
-18,-5
2,7
7,8
-4,-2
1,6
-2,15
-31,18
-41,17
-1,24
46,29
38,24
0,3
-21,-3
-4,-5
11,-17
-5,-21
-23,-5
-34,21
-11,23
-10,8
-4,3
-3,16
-26,16
-38,4
-15,-17
24,-12
23,18
-7,9
-33,6
-27,7
-15,-5
-11,-15
-15,-32
-23,-31
-3,-8
-4,0
-11,-7
-10,2
-9,20
-7,11
-39,-15
-41,-21
-20,-15
10,5
0,0
-20,18
-13,26
12,19
35,-11
14,-24
4,-8
23,16
45,14
33,-1
7,17
-4,20
7,-7
-3,-17
-19,11
-29,43
-3,23
13,-12
12,-18
-7,12
10,5
20,-10
18,-19
2,17
4,19
-2,-14
-13,-46
-8,-18
-16,14
-16,-1
-26,-31
-26,-30
-17,-17
0,0
12,-2
28,-1
42,12
26,2
-20,1
-34,9
-20,-14
15,-22
7,-7
-28,18
-35,25
-8,-1
15,-21
-6,-9
-25,-2
-2,-11
18,-11
-2,16
-9,20
2,4
8,-12
-7,-2
-34,26
-24,17
5,-5
25,-2
27,24
3,41
-9,43
-11,34
-19,10
-2,-13
17,-7
17,4
-2,7
-1,-41
2,-42
17,-3
0,29
-25,29
-43,0
-23,-13
-11,-10
-26,-13
-31,-19
-26,3
0,13
-6,-12
-11,-34
-7,-19
17,4
18,-6
14,-19
12,-37
25,-22
39,-20
17,-4
-14,3
-24,11
6,20
27,23
34,23
19,16
17,1
4,-19
10,-19
22,3
28,14
6,11
-8,-4
-21,15
-14,-1
-19,-12
-18,-18
5,10
24,7
34,13
24,9
12,23
-2,8
-7,-22
-1,-38
4,-32
-7,-12
-22,-5
-23,-10
-22,-7
-10,6
-22,-4
-40,6
-10,1
15,-10
26,-16
-2,-15
-13,-3
21,1
29,1
28,-4
-8,7
-6,8
10,6
7,-2
-3,-13
11,-16
4,-17
4,-7
-14,1
-4,6
8,-8
-1,4
15,17
11,26
20,32
17,30
1,14
-8,14
-1,11
11,15
21,23
4,27
-11,13
-38,3
-54,-17
-37,-23
1,-5
3,18
-19,17
-34,2
-28,-22
-8,-41
8,-30
6,-28
3,-25
12,-9
4,8
4,17
11,4
-2,-7
-14,-7
-6,3
5,17
9,20
-8,2
-19,-5
-2,-23
20,-7
13,2
-17,13
-29,35
17,39
21,32
11,5
-12,-12
-20,-14
-10,-14
4,-19
12,-5
17,18
4,24
-8,14
-15,-2
-16,1
-2,3
-5,2
-10,-4
4,21
14,35
8,36
-12,1
-46,-8
-40,-17
5,-14
36,-25
59,-23
28,-19
8,-5
-3,1
-1,5
-4,-4
12,0
36,0
47,5
30,15
21,9
13,-9
5,-7
-13,-1
-22,21
-4,14
37,15
33,11
6,14
-6,16
-18,6
-13,8
-27,7
-30,6
-10,7
7,3
0,4
3,8
2,-2
-1,2
-17,11
-12,13
-2,-26
4,-41
-2,-39
-25,-9
-14,0
-12,-9
-21,-18
-24,-5
-9,21
9,10
21,-12
24,-16
11,-12
13,-5
14,-6
14,-3
24,4
17,13
-12,36
-20,37
21,23
49,-14
35,-22
5,0
-22,8
-17,-7
-17,-35
-12,-20
-10,2
5,10
-13,1
-12,17
3,26
17,15
6,0
-20,3
0,18
14,1
-4,-7
-18,-10
-2,20
27,24
21,2
-10,-18
-22,7
-4,11
3,-1
-2,-19
-9,-17
18,-17
17,-5
-4,8
-17,24
-5,22
19,-10
20,-8
8,1
19,-7
11,-28
10,-39
-5,-1
-6,50
-9,52
1,23
4,2
17,11
3,14
-16,7
-19,-16
-8,-16
-7,3
-21,3
-24,-16
5,-24
-1,-10
-35,-5
-40,-14
5,-38
46,-36
35,-28
-9,1
-18,9
5,13
8,-2
14,-34
-5,-55
12,-36
16,4
-9,17
-24,11
-13,-6
6,10
11,22
9,13
34,-10
27,-13
17,15
-2,24
12,6
40,-19
31,-25
-7,-27
-22,-9
-10,11
-9,27
4,16
-3,8
-11,-1
-20,7
-10,-8
2,-30
5,-35
-4,-16
8,0
4,-20
-11,-25
-18,-17
-10,-7
-2,-29
-17,-42
-18,-35
8,-10
29,-21
31,-38
-1,-25
-7,12
-3,21
-2,-11
-5,-28
-11,-29
-8,-8
3,23
7,32
11,50
8,43
-12,11
-37,-19
-33,-26
-23,-3
-15,4
-17,-2
0,9
0,11
-10,1
-40,-3
-27,-8
-2,-18
3,-19
-14,-19
-31,-16
-15,-14
2,-10
27,-27
14,-9
-6,-8
2,5
-2,-10
11,-15
-1,-8
-16,5
-12,5
-5,-7
0,4
13,42
-1,25
-27,19
-15,4
2,2
23,-11
19,-11
2,-15
-9,6
-14,32
6,41
-3,24
4,0
-2,-11
-1,11
-5,20
-13,11
-14,-6
-9,-20
11,-27
10,-38
8,-41
7,-37
1,-22
2,-10
16,-10
17,-18
4,-27
-26,-21
-17,-3
21,-3
43,-2
17,-4
7,-11
9,-3
26,22
4,47
-29,39
-20,11
19,0
50,27
35,57
5,33
-4,-6
-3,-4
-27,13
-33,21
-21,-8
-11,-11
2,12
21,31
23,11
4,-36
-19,-47
-11,-40
11,-24
28,-3
21,5
-6,-10
-14,-21
5,-21
40,16
50,23
23,13
-2,-3
-20,5
-15,19
-10,22
-17,28
-12,31
2,45
2,27
-9,2
-2,-18
19,3
9,11
-23,2
-36,-10
-17,-16
3,0
-14,-6
-31,0
-5,-4
18,-18
10,-26
-12,-17
-4,5
14,-8
21,-16
-12,-20
-27,-12
-7,-9
0,-23
-2,-6
-6,-12
8,-5
20,-7
15,7
13,10
14,1
19,-12
-8,2
-6,27
23,26
26,-3
1,-6
-1,2
24,12
27,-11
-10,-22
-29,8
-13,13
3,6
18,-26
-1,-14
-25,-17
-42,-37
-43,-59
-2,-49
45,-34
25,-24
-22,-33
-40,-28
8,-20
44,-10
37,-10
9,-14
15,18
29,33
5,12
-4,-3
17,1
19,28
-7,29
-34,-2
-14,-20
9,7
-8,40
-39,37
-23,14
22,4
39,2
-2,-4
-2,-49
18,-56
25,-18
-19,15
-37,9
-19,-28
4,-40
12,-20
10,-13
17,-6
27,11
20,21
2,6
8,-27
7,-28
-1,-9
-6,22
7,13
8,-7
-18,-22
-37,-19
-34,-7
-18,7
-12,17
-13,26
-10,14
-17,9
-17,16
6,22
6,47
-14,42
-18,34
7,7
30,-30
32,-57
10,-52
-24,-20
-20,8
4,12
-3,7
-21,23
-3,19
15,17
18,-15
-1,-24
-7,-17
-16,-1
-7,2
20,5
26,24
11,41
-14,25
-18,-11
8,-16
10,-24
-9,-13
-34,-11
-18,-2
-11,4
2,5
-3,10
-8,12
-8,8
-14,7
-18,-6
2,2
9,2
8,-20
0,-45
-5,-43
-8,-15
3,3
1,4
6,6
14,7
11,9
23,9
34,8
34,16
8,10
-24,-5
-24,3
-10,34
16,43
16,42
-3,15
-3,13
-6,27
-13,15
-20,2
-18,-9
-7,-12
-10,-19
-16,-3
-6,13
20,10
52,-2
24,-17
5,-21
0,-33
30,-62
26,-44
18,-6
5,13
17,-9
24,-13
0,-3
-21,10
-21,-20
-14,-19
-24,18
-34,54
-24,25
10,-12
12,-3
-9,30
-32,21
-11,-14
-3,0
-2,37
-29,42
-20,8
-8,-8
-13,-15
-5,-11
7,-14
12,-4
1,4
-17,-11
-5,-27
6,-3
-6,9
-10,-1
8,-29
42,-29
40,10
18,29
4,10
14,-20
25,-19
-4,8
-27,11
-7,34
26,52
35,48
11,15
-4,4
-8,21
-7,33
10,-4
5,-23
-2,-1
-9,27
-22,21
-12,-1
15,-26
37,-23
44,-22
51,-6
44,-8
25,8
-7,-1
-23,-12
-13,-11
12,13
5,16
-1,10
-5,-1
3,-5
9,-9
-6,14
-25,7
-44,-2
-33,-32
-29,-29
-26,12
-28,28
-36,14
-26,-26
-16,-34
0,-26
16,-9
9,-12
12,-22
13,-24
12,-9
13,12
31,32
37,46
17,43
-10,18
-30,-20
-12,-18
0,9
19,10
3,-5
-2,-31
-4,-21
2,-5
17,14
15,-4
18,-14
14,-7
7,18
-16,27
-23,34
-34,22
-10,0
-4,-10
8,-20
6,-23
14,-21
-1,-28
-3,-26
-24,-17
-16,-10
2,6
19,3
10,18
0,10
19,11
25,11
22,11
14,0
8,13
2,17
-19,34
-42,12
-41,-21
-3,-45
26,-35
-16,-27
-44,-40
-29,-43
8,-26
19,19
0,19
-12,-18
-8,-37
4,-33
-4,4
1,-1
19,-21
28,-11
12,13
-10,34
5,18
23,-8
25,-32
-1,-29
-11,-18
10,-1
24,24
7,19
-21,16
-51,9
-23,-20
12,-23
-2,-11
-28,0
-28,0
-9,-16
11,-14
1,-1
-6,-4
-6,-22
5,-17
11,4
16,28
31,24
50,1
22,-16
-10,-18
-31,-11
-8,9
19,19
18,5
-3,-16
-13,-11
-27,9
-12,26
-1,10
-7,-13
-34,-10
-40,12
-17,-3
11,-24
21,-18
13,17
18,34
11,3
8,-21
-11,-4
-4,23
24,38
13,23
-23,6
-22,14
17,2
47,-14
12,-25
-40,-16
-42,-23
-11,-34
19,-24
4,26
-14,43
-7,17
-22,-7
-1,-28
-6,-25
-6,-2
-17,-14
-33,-18
-50,-16
-25,-11
1,-6
11,6
7,28
-10,12
3,-11
25,-11
50,1
57,7
42,9
12,13
17,11
24,7
16,7
-8,17
-20,24
-33,9
-28,-5
8,2
38,23
14,20
-30,-15
-45,-25
-4,12
40,27
46,12
25,18
9,29
0,41
-5,-2
-9,-32
14,-20
15,-9
-9,-4
-20,-15
10,-1
6,27
11,22
1,-7
16,-20
19,-22
-17,-24
-17,-17
-12,-5
-8,10
7,-1
10,-17
20,-10
15,22
-6,31
-1,-3
20,-34
9,-33
-27,-27
-32,-38
-1,-50
24,-29
9,-9
-17,-14
-3,-33
30,-20
16,5
-20,30
-5,24
15,7
19,7
-2,17
-4,20
-7,27
-12,11
-25,-11
1,-4
26,-10
20,8
16,-2
1,-4
-11,-13
-19,-6
-13,-18
13,-15
19,10
3,9
-27,-16
0,-36
39,-23
25,9
-21,20
-24,11
-3,-20
4,-13
-15,1
-45,26
-33,23
-16,28
-28,6
-20,11
-4,24
5,10
4,-12
1,-11
8,3
-4,12
-19,1
-11,2
22,1
52,2
52,-12
22,-1
15,14
14,7
23,2
9,-2
6,9
4,41
8,27
-6,11
-10,7
-12,14
-11,18
4,23
11,8
6,14
-17,-5
-16,-13
9,-7
9,6
-15,-1
-35,-9
-16,7
-4,7
-5,6
-3,-10
19,9
36,11
21,-12
-11,-30
5,-2
22,34
6,27
-13,0
1,-18
31,-7
36,15
9,14
-29,11
-43,19
-36,13
-30,-6
-8,-21
6,-19
3,3
-1,2
-1,-1
1,-5
13,0
39,-2
27,-9
24,-6
0,0
-9,12
-1,-2
-4,-19
-23,-31
-18,-9
-3,18
24,37
3,20
-25,-10
-33,-12
-13,3
-2,12
-21,-5
-27,-12
-28,-10
-12,-3
-9,14
-12,16
-17,17
-13,16
9,16
38,3
25,-15
-16,-25
-31,-11
-11,8
21,11
19,4
6,14
15,15
28,12
38,-8
10,-11
-8,7
-13,16
-10,12
-6,3
21,15
20,24
10,25
-25,0
-10,-1
8,5
6,18
-17,15
-18,-3
9,7
10,6
-28,-2
-24,-7
20,9
27,25
-15,-1
-46,-8
-31,-8
9,10
0,19
-25,-4
-17,-30
8,-27
17,-3
-5,10
14,5
21,-8
14,0
-4,10
-20,10
-19,-14
-10,-32
-18,-8
-9,25
-8,27
-7,4
-9,-21
5,-5
27,2
6,5
-14,-13
-23,-40
5,-26
12,-4
-12,18
-41,22
-20,-3
4,-33
20,-35
15,-4
14,23
6,3
-14,-11
-1,-5
25,-8
23,-9
2,-8
-18,15
21,24
29,9
-10,-14
-39,-24
-28,-1
23,9
11,3
-28,-8
-51,7
-7,21
19,19
18,15
21,4
30,-29
17,-27
-33,-19
-33,6
12,-2
53,-23
20,-30
-28,-13
-30,12
5,19
13,28
4,26
-3,32
8,20
12,3
15,-1
36,10
45,18
17,2
-25,-22
-38,-18
-29,-10
-24,14
-45,-2
-22,-15
30,-17
45,-4
32,4
-14,-3
-28,-11
-25,8
-18,22
-4,14
15,0
10,2
-4,21
-11,28
-3,18
-9,3
-28,9
-23,1
1,-17
6,-17
-9,-15
-27,-17
-2,-28
31,-22
31,-19
10,6
-8,20
6,19
12,1
3,8
11,6
26,-5
21,-28
-7,-34
-11,3
5,42
11,36
2,30
-3,0
14,-15
10,-3
-15,9
-35,1
-21,-8
8,-24
23,-10
30,1
26,15
14,6
16,14
29,19
32,21
22,0
6,-12
2,-15
11,-1
5,13
-32,24
-56,23
-42,33
9,24
21,-9
2,-48
-18,-29
-16,5
19,7
23,-11
20,-19
12,-14
-8,-11
-15,-5
-13,-4
18,-5
26,-15
18,-23
-6,-8
-11,15
-7,32
3,30
1,8
-14,-5
1,-21
18,-2
29,14
-13,1
-35,-12
-42,-18
-21,2
-6,24
-4,17
-3,-13
4,-30
27,-15
31,8
17,23
0,21
-25,-2
-13,-10
2,0
-10,30
-30,36
-21,8
7,-25
52,-18
56,3
17,20
-15,2
-2,-7
-2,-10
-14,-24
-29,-44
-22,-29
5,16
5,24
0,-6
-18,-22
-10,-19
6,8
22,31
20,38
19,57
-17,35
-31,-4
-12,-12
4,-4
10,4
-9,0
-14,-10
10,3
3,-4
-17,-13
-39,-35
-24,-13
22,21
35,30
24,7
-1,-10
4,8
5,13
8,-11
-10,-25
-14,-10
-40,11
-32,9
-3,-8
12,-6
-18,14
-48,17
-47,5
-36,-16
-10,-27
-8,-23
-2,3
-2,10
-14,-2
1,-14
-4,-3
-8,7
1,-7
14,-33
11,-41
-4,-6
-21,20
-15,8
9,1
24,12
-4,24
-12,-7
-13,-9
6,-9
-8,4
-22,-5
-11,-27
10,-18
31,4
18,7
-8,-14
-3,-17
11,12
8,28
-6,11
-20,1
-19,27
-14,40
0,27
13,-25
27,-35
37,-20
33,13
6,5
-23,-11
-22,-26
7,-30
19,-32
17,-18
5,-16
0,-10
25,6
24,25
18,15
8,0
6,-6
22,11
20,19
26,5
26,0
22,6
5,38
-23,23
-34,8
-32,-4
-7,3
-2,10
0,4
11,-14
36,-25
30,-38
-2,-46
-18,-37
-9,-5
19,24
27,30
23,10
1,3
-9,5
4,21
16,31
20,22
-6,21
-23,1
-34,-3
-14,-3
12,-7
21,-11
16,-25
12,-18
-7,-16
-28,-23
-35,-12
-28,-10
-21,5
-25,-14
-4,-22
12,-16
15,11
-3,24
-13,23
-4,-7
9,-24
11,-23
-16,-3
-16,7
19,8
31,-9
18,9
-30,29
-34,23
-4,8
19,-8
5,-3
2,9
34,-11
44,-24
16,-20
-14,-4
7,18
44,20
43,5
1,3
-21,4
-13,1
-14,5
-34,-16
-32,-36
-20,-34
-4,-17
-17,-6
-28,12
-12,8
2,3
23,-7
14,-3
0,14
-14,17
0,31
12,11
18,-13
13,-20
1,-16
-14,-4
-24,-3
-5,14
8,31
2,39
-5,29
5,-7
14,-19
-11,-26
-32,-17
-15,2
9,15
27,25
-13,28
-30,23
-12,13
31,1
44,-25
34,-29
9,-13
11,13
1,12
-18,-17
-27,-21
-19,-20
-1,-13
-18,-2
-19,-3
-15,1
-2,13
9,-1
13,-5
14,-3
9,-9
0,-10
-2,-4
-10,2
-6,-2
-10,-7
-9,-20
-4,-41
-2,-28
-15,-12
-14,5
8,-1
25,-4
16,-7
17,-13
26,-12
29,-33
-16,-20
-29,-6
-25,26
0,23
-1,-10
2,-31
2,-6
17,13
19,-19
12,-28
4,-30
-13,7
-17,25
2,-2
18,-37
21,-47
-21,-7
-30,18
-5,18
43,-9
39,-13
7,-7
-31,15
-31,12
-14,-8
-21,2
-18,19
5,8
8,-15
3,-59
-7,-63
-9,-40
-2,-25
-9,-27
-18,-28
5,-27
21,13
18,24
-1,18
1,0
12,-4
7,0
-10,4
-5,-18
-9,-32
-15,-18
-21,9
3,14
22,0
30,-28
8,-26
1,-14
11,-5
27,11
14,13
1,9
-11,6
-22,-6
-4,-10
0,-1
1,-4
-2,8
-10,13
-13,-1
-23,-12
-20,-4
-27,14
2,21
24,9
16,12
3,8
15,-6
21,-39
10,-30
-3,9
5,28
15,1
-3,-50
-33,-36
-38,27
-20,50
-2,5
-8,-51
-7,-56
13,-16
24,-10
18,-1
-11,-2
5,27
20,26
10,6
2,0
10,2
40,32
17,24
-36,14
-12,-23
20,-17
25,6
-8,16
-55,13
-36,7
-10,-1
4,4
-14,-8
-19,2
10,3
15,-5
-6,-18
-27,-27
-22,-1
-7,16
-4,6
-10,1
-33,-2
-25,12
-16,13
-15,-24
-28,-25
-16,-22
7,-14
7,-20
-20,-22
-23,10
-15,32
2,26
9,-29
-7,-59
-18,-28
-12,21
11,52
14,52
-6,22
-16,8
-10,-1
0,-6
-8,-5
0,-9
5,10
13,21
-10,4
-15,-17
-16,-34
-6,-10
6,32
-1,34
-11,4
-2,-15
23,3
16,27
13,15
21,0
33,10
26,13
26,27
-2,15
-5,10
-11,4
12,-1
12,-19
2,-8
-5,6
-1,-2
16,-18
30,-29
30,-15
22,9
12,4
1,1
-7,8
-7,32
-6,28
5,-1
12,-20
7,-3
1,5
-12,16
-16,20
-14,23
-24,4
-14,-9
-1,-13
8,-11
2,-7
6,-15
10,-22
23,6
29,15
33,14
29,17
12,27
14,6
11,-12
-13,-24
-4,-10
14,18
23,2
17,3
10,2
-11,7
2,13
4,8
-1,3
6,23
6,2
3,15
-5,23
2,12
12,6
8,-6
-6,-7
1,2
14,12
26,16
13,6
-3,-8
-9,-14
14,9
22,34
11,11
3,-23
9,-35
19,-2
25,37
10,31
6,19
1,-3
2,-23
4,-14
22,9
20,31
4,36
-9,15
11,-17
35,-14
26,8
12,-3
-7,-12
-17,0
-13,14
-5,-4
7,-18
23,-32
11,-9
4,6
-14,2
-4,-6
2,12
24,27
7,40
-1,28
-12,28
-8,20
-11,3
-7,-9
6,-11
1,-2
-2,11
-2,4
12,5
8,-4
-2,-19
-11,-30
-11,-15
-14,7
-14,12
-5,-5
4,-13
10,-7
33,0
21,-4
3,-6
-13,-15
-13,-11
10,-11
34,3
29,-16
-5,-2
-25,6
-19,14
-13,20
-13,16
-19,3
-29,-19
-14,-25
17,-16
15,-2
13,20
16,4
8,-9
-6,-6
-5,19
11,27
23,6
16,6
-2,9
8,9
21,-7
19,-22
-9,-2
-9,12
3,6
11,-9
-14,-14
-28,-13
-19,-18
9,-32
6,-22
-1,6
-2,16
3,1
20,0
11,9
0,9
-16,4
-35,-12
-30,-7
-10,-5
-5,-3
-1,-1
-16,8
-21,20
-7,22
0,4
-6,-9
3,1
-2,10
3,18
2,19
10,19
9,1
6,1
-17,0
-14,-6
-10,-30
-12,-49
-16,-26
-5,-7
18,16
2,12
-19,4
-22,-11
1,-10
8,-9
-12,1
-37,22
-10,17
17,17
14,10
-21,23
-19,11
4,8
-3,-17
-17,-8
-9,8
7,15
26,14
13,6
8,14
36,6
36,0
13,-9
-11,-13
0,-11
33,13
13,23
-23,35
-34,12
3,-19
28,-25
32,12
18,52
16,56
3,7
-3,-26
-21,-11
-7,25
8,24
10,2
4,-20
-17,-24
-1,-3
10,3
22,-6
14,-11
-1,-20
-18,-3
3,20
25,9
43,-11
28,-18
-14,0
-22,9
-3,9
6,6
-2,-5
-27,-21
-13,-33
3,-34
10,-4
13,8
-16,1
-36,-13
-27,-21
0,-6
11,13
3,19
-2,-7
-8,2
-13,20
-8,31
-4,17
11,-10
13,-4
3,26
-7,25
-4,-13
1,-34
13,-11
5,12
-8,-6
3,-13
13,-6
19,7
6,-2
-27,-17
-28,-13
-11,19
6,31
31,-3
36,-24
20,-11
-19,5
-33,-7
-28,-13
-4,-6
-9,5
-17,-7
-5,-9
-2,0
-14,3
-52,-5
-39,-27
-2,-24
12,-19
4,-36
15,-40
31,-12
24,16
4,-1
-4,-40
9,-49
16,-4
13,38
5,5
-7,-30
6,-39
2,-10
8,-3
-3,-4
-5,-15
-21,0
-34,3
-18,6
21,7
45,-8
23,-21
1,-11
-13,15
0,29
23,29
17,36
7,17
-1,-2
-7,-10
-13,-21
-15,-26
-6,-22
5,-27
13,-9
-2,-11
-15,-1
-13,-1
-12,-7
3,-9
-1,-3
29,12
36,10
31,8
-2,-9
-24,-24
-35,-24
-42,-5
-27,-10
-7,-26
15,-17
14,-6
1,11
-9,6
-11,-4
-16,-6
-26,-8
-26,-18
-20,-32
-23,-33
-30,-20
-11,-4
13,4
-3,0
-32,-13
-29,-33
-22,-28
-17,-25
-9,-9
12,1
38,15
27,10
6,7
-6,-15
11,-26
21,-19
-1,5
-8,3
5,-14
2,-15
-29,11
-35,13
4,-1
29,-22
18,-36
-11,-10
-7,20
16,14
36,-12
19,-33
8,-8
4,5
-16,8
-2,8
18,7
29,36
9,29
-20,12
-8,-15
2,-7
-3,2
-27,-4
-11,-6
22,2
13,4
-16,-7
-18,4
11,26
27,40
6,22
-3,-3
-2,-5
-3,9
-8,8
-4,-6
2,2
-4,16
-25,16
-40,-10
-27,-26
0,-18
17,12
12,33
3,24
-8,-2
-4,-2
-2,-16
2,-12
-8,3
-37,8
-27,14
10,18
15,27
3,8
-3,-12
15,-22
28,-24
4,-15
-8,4
5,2
31,7
34,2
0,-9
-21,-6
-28,11
-26,14
-22,0
1,-5
-6,-2
-30,8
-26,-1
-4,1
14,-5
-4,1
-31,12
-21,22
6,3
1,-11
-19,-5
-20,-3
-1,13
1,2
-15,4
-24,1
2,4
20,24
19,41
21,20
15,-12
15,-32
-3,-24
-19,7
-9,15
6,-24
-16,-25
-59,-24
-47,-3
-24,4
-17,-1
-34,2
-40,-9
-2,-17
30,-15
19,29
-30,40
-34,14
1,-36
45,-35
24,6
-11,21
-31,12
-31,2
-22,-6
-11,12
15,2
35,2
10,-1
-24,-26
-27,-24
1,10
17,40
0,28
-26,-20
-33,-41
0,-5
21,34
24,34
16,8
-3,-1
1,-18
-3,-28
3,-12
9,19
7,13
0,-21
-3,-32
-7,4
-16,43
-17,22
-11,-20
8,-2
17,38
24,44
23,-16
1,-34
-2,4
-10,56
4,31
40,-3
52,-17
10,-2
-17,5
4,4
34,-6
41,-10
5,11
-12,25
2,23
31,-21
18,-47
-9,-42
-23,-24
0,3
14,0
-10,-11
-24,11
-7,24
-8,-2
-24,-13
-31,-12
-6,-6
41,-5
67,-4
18,8
-25,12
-26,18
-11,10
-9,-4
-15,-6
-7,-10
4,-6
-1,9
-24,5
-38,-15
-11,-22
4,0
-5,6
-23,5
-5,-12
26,-10
39,6
16,17
-22,18
-24,0
-8,6
0,5
-17,-12
-25,-32
3,-44
19,-32
15,-9
-5,-5
-4,7
17,2
4,13
2,10
5,10
15,0
3,-15
-16,-18
-21,-15
12,-6
25,-2
7,19
-2,7
11,-14
17,-24
-1,-12
-22,8
-24,13
-11,-10
19,-7
3,2
-22,23
-36,14
-25,-6
-5,-10
7,-4
-8,-7
-21,-23
-13,-23
2,1
23,11
20,6
-2,-20
-14,-22
-14,-8
-17,-11
-11,-14
-13,-15
-6,-8
-1,-7
20,-20
22,8
3,33
-10,39
-2,26
1,9
-5,-6
-5,-1
2,-3
17,-8
14,-17
-19,-28
-31,-21
-5,0
20,14
24,24
12,4
-7,3
-5,12
2,-3
-19,-9
-19,-15
11,4
30,14
37,12
30,6
36,9
31,5
6,-4
-11,-21
-11,-17
0,-4
0,13
-8,5
-12,0
-13,-11
-7,-16
1,-7
4,10
12,9
8,-13
-8,-23
-9,-13
-30,3
-27,9
-25,10
-17,-6
-4,2
18,-17
17,-6
13,-6
-2,-4
2,5
2,18
14,19
6,11
0,-4
-13,-15
-29,-14
-21,-29
5,-14
24,3
28,11
20,-14
5,-39
-1,-22
-21,4
-19,6
-20,-23
3,-30
3,-18
-17,1
-27,-6
-5,-17
23,-7
25,4
-3,-10
-1,-21
0,-20
5,-11
-6,-1
-15,13
-7,14
13,7
23,-7
8,-18
1,-18
0,-3
5,-3
17,-16
3,-29
-20,-25
-26,1
-4,3
14,-6
15,0
14,15
6,27
12,24
6,1
3,0
-14,20
-22,14
-23,-13
-21,-26
-4,1
5,24
15,6
12,-12
12,-3
9,-1
2,2
2,-17
3,-6
16,27
20,19
20,-15
6,-24
-12,3
-22,7
-31,-12
-13,-21
25,5
26,34
3,28
-28,8
-28,15
10,9
17,11
13,1
11,11
23,26
25,16
25,-13
19,-14
-7,-1
-29,15
-39,10
-20,23
0,24
-7,7
-5,-13
-1,-1
6,0
13,6
-6,-7
0,3
1,13
-3,-5
-6,-17
6,-11
21,1
8,-1
-1,-23
0,-26
14,-3
20,7
-7,-5
-29,-40
-18,-20
25,-5
28,-13
17,-17
-17,-16
-23,-8
-17,12
9,28
15,6
20,-8
-3,-20
-7,-4
-17,25
-5,14
10,-21
0,-32
4,11
-2,19
1,-13
0,-11
2,-5
-2,1
-3,5
-4,3
8,-1
1,-3
0,3
-4,8
-6,4
-6,-7
0,-4
7,1
-1,-1
8,6
4,-1
-5,-9
-6,5
-1,2
4,2
-3,3
2,-2
4,3
-1,-3
0,8
3,-7
-1,-6
-1,-4
-6,4
1,1
-1,4
2,-2
0,1
8,2
6,4
2,1
-6,1
7,-2
8,-1
3,-1
0,8
-2,-4
2,-4
0,-2
-4,0
2,-1
-1,3
9,3
-1,1
1,-7
-3,-2
-4,-8
-1,0
-4,0
3,4
2,-1
8,-3
0,-4
-1,-3
-4,5
2,0
-3,0
-1,-4
7,-8
1,1
-5,6
-4,-6
2,-6
-3,0
-6,4
8,4
2,7
5,-1
5,1
-6,1
0,-5
7,3
4,-5
2,2
4,4
2,4
0,2
-1,6
-4,5
2,2
1,4
-1,-1
0,2
-1,8
7,3
1,-1
-5,10
3,-1
0,-5
3,0
-9,-4
-1,-1
-4,5
5,-3
-3,-3
0,-7
6,-2
1,0
-1,2
-4,5
-1,6
3,7
2,-3
-3,5
4,0
-2,-3
3,0
5,-1
3,-9
8,-5
-4,1
0,-10
2,2
2,4
5,-1
3,-1
-5,-5
2,-8
-6,4
-1,0
0,0
0,-10
-1,-5
-2,-6
-1,5
2,4
1,0
5,-3
-2,4
3,0
1,8
-2,1
5,-1
2,0
-3,3
-3,5
-1,5
5,-3
-5,-3
1,-5
-6,-1
-6,0
1,1
-2,5
-3,1
-5,-7
7,3
-4,7
6,0
-3,-4
2,-1
-2,-6
-2,-4
2,4
-1,0
-5,3
0,0
-2,-10
-2,0
2,1
-3,4
-2,6
-2,1
2,0
0,-5
1,-1
0,9
3,2
-1,1
9,-3
0,-7
1,3
1,1
-1,3
-3,0
6,2
1,8
1,1
3,-2
7,4
-7,-3
3,2
0,0
-2,6
5,6
5,0
0,2
-4,5
3,-2
4,1
5,4
3,-6
1,-3
-2,1
3,-3
0,4
-1,3
7,-6
-2,5
0,2
-1,-1
3,-4
0,-1
4,-2
-4,1
2,1
-1,2
-6,-2
3,2
-3,0
-3,-8
2,4
-3,-3
10,-7
-6,2
0,-1
5,-1
4,-4
-4,5
-1,-9
0,2
-4,-2
0,3
4,-3
1,3
3,2
5,-2
2,-3
6,7
-2,0
-5,1
3,-8
-7,-7
-6,-1
3,0
2,-6
-1,3
-6,-1
-5,-1
-5,1
6,4
-3,-1
1,3
-2,8
-4,5
-1,6
5,-4
11,0
-3,-1
3,-1
-5,-5
4,-6
-4,-1
8,-3
8,-1
13,-3
-7,-4
-6,4
0,-7
-1,-4
-1,7
8,1
-7,4
1,8
1,6
-1,2
0,0
-2,3
3,0
-1,4
2,-5
2,-3
3,10
0,3
-5,-4
-2,1
-6,5
-6,-6
5,1
-10,3
1,1
2,-1
3,-2
3,5
-1,0
-1,-3
4,5
-8,-4
0,0
2,2
-5,0
0,-2
10,4
8,-3
2,-4
0,5
-2,5
4,2
0,2
-6,4
-5,8
3,4
-3,7
2,-5
-2,3
-1,4
5,7
2,5
1,10
3,-3
-2,1
1,0
-7,4
4,-4
-3,1
1,8
0,2
-2,7
-1,6
-5,-1
7,1
-4,5
-2,0
6,0
-6,-2
4,2
2,7
-5,2
2,10
0,-1
-2,-9
-2,-3
7,2
2,1
6,2
1,1
-3,-2
3,0
1,-1
2,3
-5,2
2,-6
-4,-1
-1,-4
-6,4
-6,-6
-4,-6
7,-8
-3,-8
2,-1
9,0
2,-4
-3,5
-2,-1
-1,1
-2,1
-2,-6
4,-5
1,1
7,0
1,6
0,-1
-3,-6
3,1
2,-13
6,-3
8,-1
2,1
-4,3
0,-4
6,-6
-8,-1
-7,1
-5,-6
5,0
-5,6
3,0
5,2
-7,6
5,0
-9,-3
-1,-7
7,0
0,6
-6,-5
-4,-1
3,-4
1,8
0,-2
11,4
-3,-2
0,-2
3,-1
1,1
-8,4
-3,-3
-5,-5
-2,-4
4,4
2,-1
-10,1
4,9
-5,0
3,-4
4,-4
2,-5
4,5
9,-5
-2,-5
4,1
-4,2
-1,1
9,-3
-5,-2
3,6
-5,5
7,0
1,1
0,4
0,1
0,-3
-2,2
4,3
-1,9
4,3
3,-5
0,3
-1,2
5,0
5,1
9,-3
0,3
-3,3
1,9
1,4
-2,-8
-5,-1
-3,4
-2,-2
-7,0
5,-6
1,1
3,-4
-4,-1
3,-1
0,-6
4,7
9,-2
1,-6
-4,-2
2,-5
-1,-1
2,7
4,-8
4,0
1,4
-2,3
6,2
6,-1
4,0
4,2
-5,6
1,9
2,4
5,4
0,-2
-1,4
-2,-7
4,-8
1,2
-1,2
4,6
10,-2
-1,12
-2,3
2,4
-3,5
-2,-3
-1,-10
3,5
4,-2
-2,7
-1,-3
1,-2
-3,-9
-2,-3
-9,-1
-8,3
-6,2
-1,5
-5,1
-4,4
1,2
-7,2
3,1
-5,-1
0,-2
-3,4
-3,1
1,-3
-1,-4
-4,2
-2,3
-5,1
1,6
-2,5
-3,5
1,1
-2,-2
-2,6
3,1
-6,5
7,-4
8,4
1,2
-1,2
-6,-4
-3,0
-1,-4
-5,0
3,3
-1,5
-7,3
-6,6
-17,3
2,5
-5,3
-2,5
-1,-2
-5,3
3,2
1,-1
4,-5
1,4
3,-1
4,6
2,-7
2,2
3,-1
-6,-1
-2,-4
-2,5
4,1
1,2
-1,5
-6,1
-7,4
0,8
-3,-5
-5,5
3,-7
1,-2
-8,7
4,7
-4,-2
8,5
2,8
-4,1
3,8
5,-1
-1,0
2,-1
2,2
4,6
3,2
1,-1
2,2
-1,-2
3,1
-1,0
2,-1
-3,-5
4,-2
3,2
-3,3
-1,-4
0,6
5,-6
-3,-6
0,-7
5,-3
1,-5
1,-1
0,7
-2,3
1,2
-2,2
3,5
11,2
0,-4
3,-8
-3,3
5,-7
-3,2
0,2
2,4
-6,-9
-8,-2
-5,-2
-3,6
2,0
-7,0
1,8
4,3
-5,9
6,-2
-2,2
-4,2
-6,0
2,2
1,0
3,-1
-7,-7
1,-4
6,-1
1,-1
0,2
-1,7
-5,3
-2,0
2,1
-3,4
5,-8
12,-7
2,0
-3,9
6,4
3,-4
-1,3
3,4
0,0
0,0
2,-5
3,-6
-4,3
-3,-5
2,4
-2,3
-5,1
-3,2
-1,-6
-3,0
6,0
-2,0
1,-2
-6,5
-5,0
2,1
-5,0
1,1
8,0
-2,2
-4,-5
5,10
6,2
3,-3
-7,3
9,1
-3,3
3,-2
2,-1
-2,-3
-2,5
-4,-1
-2,-2
1,-2
-6,1
-2,0
0,2
-5,-5
3,4
-4,-1
-2,-4
4,-4
-1,5
9,-1
-1,2
7,2
1,4
6,-1
0,-2
-3,2
-7,-6
6,1
-1,9
0,1
8,0
2,-1
-4,4
7,-8
5,4
4,-1
-1,2
-3,6
1,2
-3,7
-3,3
0,3
-3,7
-7,5
-8,-5
-2,-5
0,1
3,1
-4,-2
-2,2
-3,-4
5,2
0,-2
1,0
-3,2
5,-1
5,-2
0,3
2,0
2,-2
-5,6
2,-1
-4,2
-3,1
-3,-5
4,5
3,3
-3,-4
-6,2
-5,3
-2,1
-5,-8
6,-8
-2,1
-3,3
-1,0
2,-4
-4,3
9,4
2,-7
-3,-3
-1,-4
-2,-6
5,-1
-1,2
1,-5
1,-1
-4,0
-3,-2
-6,3
0,-1
-3,3
5,-1
0,-3
4,-5
-7,3
7,3
-2,2
-5,4
-4,-6
0,4
-6,4
7,5
1,1
-2,-7
-5,-2
3,-5
-2,0
2,-2
0,-1
2,5
-1,-5
1,6
5,-6
-3,-2
0,7
1,6
-1,-1
-2,7
6,3
5,1
-4,-2
1,0
1,-1
6,2
-1,-2
0,4
6,-5
-1,-2
-5,-4
1,0
1,-5
7,5
-3,0
1,0
1,1
1,-2
5,7
10,-2
-7,-5
-1,0
-5,3
3,-1
4,-4
4,3
-1,2
-6,0
-3,-9
2,3
5,4
7,-2
2,-2
-4,4
7,-1
-2,-3
2,-2
2,8
3,-6
3,-6
0,0
0,-4
-8,7
-5,-8
-10,3
5,9
-9,5
0,-2
4,-5
-1,-6
-2,-5
0,6
2,2
-4,-5
5,1
-3,-3
1,3
0,0
-1,1
-2,-2
3,-6
1,-1
1,-2
-2,-6
4,1
2,-1
2,5
1,4
1,-4
-7,-5
-3,-2
1,4
-2,-1
-5,1
-1,0
-1,-9
8,-4
7,-6
6,8
1,-1
6,-2
-1,3
-1,0
9,0
8,-4
-5,8
10,3
-1,6
2,2
-3,6
-1,5
3,-2
3,1
6,-3
-1,3
-10,5
-4,-4
8,0
2,5
-3,-3
2,-1
0,-6
-1,3
4,8
-4,0
3,4
4,8
-5,0
-1,-4
3,4
-7,4
2,-1
2,-2
-4,-4
-4,-6
8,-6
-7,-3
1,1
3,4
5,0
3,-4
-2,10
-4,-5
-4,-1
9,1
3,-3
2,3
2,2
3,6
4,3
2,1
3,-4
-2,2
5,0
-5,-1
-5,2
1,-7
3,0
-8,-4
7,-6
4,3
2,1
0,-3
1,-3
-6,-8
3,2
-3,2
-2,3
4,2
2,1
-2,-10
-7,-3
4,-3
-12,-1
3,-1
-3,-1
6,5
0,11
-5,-2
5,1
2,5
0,1
-5,-1
-1,1
8,-8
3,2
8,-4
-5,5
1,-5
2,-4
4,5
4,0
1,0
0,0
1,8
2,-1
9,4
-7,8
9,-1
-8,-1
3,-4
2,-6
-4,0
3,0
1,4
-7,4
4,0
5,0
4,2
0,-5
3,-5
6,-1
-4,-1
7,-4
8,-2
2,-7
0,7
6,2
4,-4
-5,4
-3,-4
0,-2
-2,-5
-4,5
3,1
0,2
10,-2
-2,-6
0,2
0,5
-2,-1
0,-7
3,-4
-6,-3
-4,-1
-7,-1
0,0
3,5
1,3
0,1
0,3
1,-3
2,1
-2,5
-1,4
1,4
-2,7
-2,-1
3,2
6,-2
-6,-1
-7,-7
3,-5
8,-2
7,-3
-5,3
1,0
0,-1
6,3
-4,-9
0,1
-4,-2
-12,-2
2,-5
4,-5
3,4
-1,-6
0,8
6,-7
1,7
-1,-3
-4,3
1,-3
4,2
-3,-6
0,4
0,4
2,-3
2,-5
-1,3
1,-2
3,-2
3,4
-3,4
-2,8
5,-5
4,-5
-3,-2
-3,-1
6,-2
-3,1
-6,4
-2,3
-2,1
5,-4
-5,2
6,6
2,2
-2,-3
2,1
-3,4
-3,4
0,-2
5,-8
1,2
0,3
6,4
2,1
-1,-7
-5,0
1,3
0,-1
4,4
-1,-6
1,-2
5,-5
1,0
-5,-1
2,0
-2,3
1,3
4,1
4,6
-1,-5
1,-1
0,-1
3,0
-4,-10
-1,4
-6,1
0,0
1,5
8,-6
-1,2
-7,8
-1,1
0,2
-3,-2
-1,4
-1,6
1,-5
2,5
-1,0
1,4
-4,2
-7,4
-5,-1
-2,0
1,0
3,-12
-4,0
-1,0
3,-3
-5,5
-1,1
7,1
-1,-6
1,-1
0,-7
-4,-3
-5,2
8,5
1,2
3,0
0,3
-2,-1
-7,1
-4,0
-1,-3
5,-1
0,-3
5,6
3,-2
-2,2
3,-3
-2,-4
-4,2
-1,2
2,-4
-1,-3
0,-3
-2,-5
-2,1
-4,-6
2,2
1,1
8,1
-1,-2
-5,8
-3,3
0,8
1,6
-5,-1
9,-4
-2,-3
-3,-1
-1,1
-4,-2
-2,-9
-5,3
0,10
1,5
-2,-3
0,-4
-5,2
-4,5
0,2
-1,1
3,2
-2,-4
-4,4
-1,1
11,1
9,-5
0,1
2,-1
4,-1
-6,4
2,0
1,-4
3,1
1,-3
-1,2
-2,2
-1,-6
0,-3
-1,-3
2,-1
-1,-2
8,-2
-3,8
3,-3
3,3
-7,-2
-7,-7
2,-3
3,-3
1,1
-5,-3
-9,2
1,8
-3,-1
3,-2
1,2
-2,0
3,2
-1,0
-3,-2
-8,-3
3,-1
2,5
-1,-3
3,4
-4,3
4,-2
-3,0
5,-6
5,0
6,0
4,0
-3,-2
1,6
2,4
0,3
1,1
-3,1
5,6
3,-1
-2,-2
6,-5
-2,-2
-2,0
-11,3
1,-1
3,7
0,1
0,1
0,3
3,-4
4,-1
-1,4
5,-2
-5,-10
-2,1
-1,8
-6,-1
-6,-7
8,-2
4,1
8,0
1,1
-4,2
4,2
-1,4
3,3
3,5
4,5
5,-2
3,-4
-2,-5
0,-7
-2,-5
-3,4
-4,1
4,5
2,0
0,-2
1,1
1,-1
-2,-3
4,2
3,-3
-5,-1
4,1
-2,-3
2,0
1,-1
-3,6
-2,0
-1,-2
-7,-5
-2,-5
9,0
1,-2
-2,2
-2,0
-1,3
2,5
-6,2
-7,1
5,-6
-1,-6
-3,10
3,-1
5,6
3,-1
-3,2
-5,3
-2,5
7,-2
7,0
-3,2
-2,-1
-2,-1
0,1
-5,3
5,1
4,6
3,4
-4,0
-4,-1
0,1
-1,3
7,2
-3,0
10,3
-5,4
3,-1
-9,5
1,-7
-6,0
7,-2
-4,-5
2,-3
-3,4
0,-6
2,-3
-4,0
-3,7
4,-1
-1,1
-2,7
6,5
1,3
8,6
7,-1
5,7
6,0
-2,-2
-2,0
-8,-3
1,-4
1,3
0,-7
-7,-7
-2,-1
5,-2
3,4
4,3
1,0
-4,1
-5,0
1,2
2,-2
6,-2
1,-2
5,-2
9,2
2,4
0,1
2,-6
-2,5
1,2
2,7
-7,-3
1,3
-1,-2
-7,4
6,1
-8,0
11,1
-2,1
-3,3
-6,-6
4,-3
2,2
10,-7
1,4
-6,-6
-8,0
6,1
5,4
2,1
-3,0
-5,-1
0,-6
5,-5
2,3
-2,-3
-5,-2
-2,2
0,-1
0,-1
-5,2
4,1
-4,-1
2,-4
4,-4
4,2
0,-1
-2,1
0,-1
5,7
6,2
1,4
2,2
2,2
8,3
1,14
2,4
-3,3
4,-1
-2,5
2,-2
1,-7
1,3
2,1
-1,3
1,4
0,9
-1,3
-2,-1
11,1
3,-1
1,2
-5,-6
-11,2
8,-3
3,-6
2,-2
-7,5
0,0
6,-3
-5,4
-2,1
-2,2
-1,1
-2,2
-3,-3
-2,9
-1,2
-3,-3
2,7
-3,3
-2,0
-2,-3
-1,2
-1,6
1,-3
1,2
-5,2
0,-2
-2,3
-3,-3
3,0
0,-4
-4,-4
0,-1
-1,-4
4,11
0,-4
2,3
5,3
-4,-1
2,0
-2,-1
-3,-5
3,-3
1,10
6,-3
2,2
4,1
-5,-3
-9,-7
1,7
4,-6
5,-2
0,0
5,-5
-3,4
-3,3
10,3
-1,0
7,2
-4,6
2,2
6,1
-3,-2
-4,-6
2,-1
5,-4
8,4
2,-3
3,0
-9,-2
-2,-1
0,4
-1,-2
0,2
1,-1
-3,4
-4,-1
-3,5
4,-8
-4,-1
0,-1
-2,-4
4,6
-6,0
-2,-1
-7,-7
2,0
-1,1
-3,-5
11,9
-1,-5
3,2
-8,5
3,2
-6,1
8,4
0,0
4,2
5,-3
-1,0
1,-3
0,-9
2,7
5,6
1,-2
-6,3
11,1
7,-5
-1,9
-3,4
1,0
-2,5
-5,-2
2,-4
5,0
-3,4
0,5
-2,0
0,-5
-1,10
1,2
2,0
2,-7
-3,1
2,1
0,3
0,-3
-8,3
2,-2
-10,-4
10,-5
0,-6
1,0
-7,-2
-5,0
-3,4
-4,-1
0,7
1,6
-2,-4
0,6
4,-3
0,4
-1,-1
0,2
-3,1
-4,-6
1,-4
0,7
-4,-1
3,3
6,-1
2,-2
-1,3
1,-4
5,1
-3,-2
2,3
1,3
-6,-3
-1,1
-3,1
-2,1
2,3
4,-1
5,-3
-2,-4
4,-1
5,-5
4,0
1,-3
-4,-8
1,0
-2,3
2,2
-2,4
-7,2
6,-1
-2,-8
7,6
0,2
-5,-2
1,-1
-3,3
7,-5
-3,-2
-4,-2
3,4
5,-6
6,3
-6,-4
6,1
3,0
-4,-1
-5,-7
-5,-1
1,-3
5,-4
4,0
3,3
-5,-5
-3,0
0,3
-2,-10
-3,-9
2,-2
-1,1
-4,-5
-2,0
6,1
5,1
2,3
1,-4
-5,1
-5,0
-3,-7
-1,-1
0,5
-1,1
2,1
1,-2
-5,-4
1,2
-6,0
1,2
-6,0
2,-4
-3,-6
-2,0
-4,0
-4,0
-4,4
2,1
0,8
-1,3
-1,2
5,-4
2,8
4,0
-1,-1
-11,5
0,-3
11,-3
-4,-1
2,-4
1,-1
4,11
2,-4
-8,-1
0,-5
3,-1
-3,-2
5,5
2,-4
-4,0
-5,-5
-4,2
3,-1
1,0
1,2
5,4
0,2
-4,1
1,-1
-4,7
7,3
5,-7
0,6
3,-5
5,3
5,-2
0,-2
-3,4
3,-6
3,3
1,-1
5,1
0,1
2,3
-5,3
2,-3
3,-14
5,-3
-1,-2
2,3
11,10
0,-5
-2,-5
-3,3
-1,1
-2,-1
-5,-2
-5,2
4,1
0,-2
-7,-4
-3,2
1,-2
4,1
2,2
1,-4
-9,4
2,5
3,1
0,1
3,0
-3,-2
-3,3
-3,1
2,-1
-5,-3
-3,1
-1,4
-2,4
5,-5
5,2
0,-3
0,-6
0,4
-2,-4
1,3
0,1
3,-5
-4,-5
1,-2
1,2
2,-8
-2,1
5,-5
0,-1
-4,-2
-1,-1
-2,5
-1,-3
4,-3
0,7
-3,6
1,3
-5,-3
1,5
2,-3
3,-1
4,-2
8,-1
1,-2
1,1
-1,0
0,4
2,7
5,6
6,2
0,3
-8,-3
-3,-1
3,-2
2,-1
-3,-6
4,8
2,1
-2,-3
-5,-5
1,3
0,-5
3,-1
-5,2
2,0
-2,3
-2,-6
-2,-4
3,1
3,-5
-5,-3
-1,5
-2,-5
-3,3
6,0
7,-4
-2,-1
3,3
6,0
2,1
2,2
7,3
3,-2
-3,6
-6,4
6,-2
-1,4
0,9
-4,-1
0,3
9,3
0,0
6,3
-1,-9
2,-1
-6,-3
-2,1
7,3
-6,0
-2,-4
1,1
2,4
-5,-3
-5,-4
-6,-3
2,9
-2,1
3,-2
-4,3
3,0
3,-1
0,-1
-1,5
-2,-6
7,-3
-8,-3
0,-1
-3,0
-1,3
-1,-1
6,-3
-2,-4
-5,-1
3,-4
0,-7
0,-2
1,8
2,-4
-2,0
-7,-2
9,1
-3,0
5,9
1,3
1,7
3,-4
-3,2
0,-1
-2,-5
-5,-1
-5,-2
0,5
-8,6
2,3
-1,0
-2,1
-6,-5
6,0
9,-1
-1,3
-2,-1
-7,-5
3,1
-4,-9
-2,-1
0,5
8,1
1,-1
-3,-4
0,-5
-7,-2
1,-4
-2,-5
-9,-1
-3,-3
3,-4
-2,6
-1,-2
-6,4
5,-1
6,0
0,1
6,4
0,1
-4,-3
-3,-1
-5,1
-2,1
2,4
3,-1
2,1
8,7
-1,1
0,4
0,2
-1,-6
-6,3
-3,-1
3,-2
-2,-1
2,4
-5,3
-2,-5
0,7
-1,4
-6,-4
6,0
-4,2
8,-3
-10,0
4,-2
-5,-5
5,-2
-2,4
1,-2
0,-9
4,-2
-1,-2
-6,1
-3,-6
0,-2
-8,1
-2,-3
2,2
1,-3
-6,-1
1,7
-12,-2
-1,0
3,-1
7,-8
1,-4
3,1
9,1
-1,-2
2,0
-2,4
4,5
-3,5
0,0
4,0
-2,2
7,4
-8,-1
-3,3
-1,0
6,2
-4,-2
-1,-2
5,-4
3,7
-8,5
4,0
11,2
7,-2
2,4
4,-5
5,0
2,6
-3,0
-5,-5
4,2
-4,0
0,-3
-4,2
2,-1
1,3
-7,-2
-3,1
2,7
1,6
3,7
-2,-6
1,-7
1,1
-2,5
2,-1
-2,8
4,4
-7,-6
2,-7
8,1
-7,4
